z,x_e1,y_e1,x_e2,y_e2,x_e3,y_e3,x_e4,y_e4,x_e5,y_e5
0,nan,nan,nan,nan,nan,nan,nan,nan,nan,nan
0.060883578557941728,nan,nan,nan,nan,nan,nan,nan,nan,nan,nan
0.12176715711588346,nan,nan,nan,nan,nan,nan,nan,nan,nan,nan
0.18265073567382517,nan,nan,nan,nan,nan,nan,nan,nan,nan,nan
0.24353431423176691,nan,nan,nan,nan,nan,nan,nan,nan,nan,nan
0.30441789278970866,nan,nan,nan,nan,nan,nan,nan,nan,nan,nan
0.36530147134765034,nan,nan,nan,nan,nan,nan,nan,nan,nan,nan
0.42618504990559208,nan,nan,nan,nan,nan,nan,nan,nan,nan,nan
0.48706862846353383,nan,nan,nan,nan,nan,nan,nan,nan,nan,nan
0.54795220702147551,nan,nan,nan,nan,nan,nan,nan,nan,nan,nan
0.60883578557941731,nan,nan,nan,nan,nan,nan,nan,nan,nan,nan
0.669719364137359,nan,nan,nan,nan,nan,nan,nan,nan,nan,nan
0.73060294269530068,nan,nan,nan,nan,nan,nan,nan,nan,nan,nan
0.79148652125324248,nan,nan,nan,nan,nan,nan,nan,nan,nan,nan
0.85237009981118417,nan,nan,nan,nan,nan,nan,nan,nan,nan,nan
0.91325367836912597,nan,nan,nan,nan,nan,nan,nan,nan,nan,nan
0.97413725692706765,nan,nan,nan,nan,nan,nan,nan,nan,nan,nan
1.0350208354850094,nan,nan,nan,nan,nan,nan,nan,nan,nan,nan
1.095904414042951,nan,nan,nan,nan,nan,nan,nan,nan,nan,nan
1.1567879926008928,nan,nan,nan,nan,nan,nan,nan,nan,nan,nan
1.2176715711588346,nan,nan,nan,nan,nan,nan,nan,nan,nan,nan
1.2785551497167762,nan,nan,nan,nan,nan,nan,nan,nan,nan,nan
1.339438728274718,nan,nan,nan,nan,nan,nan,nan,nan,nan,nan
1.4003223068326598,nan,nan,nan,nan,nan,nan,nan,nan,nan,nan
1.4612058853906014,nan,nan,nan,nan,nan,nan,nan,nan,nan,nan
1.5220894639485432,nan,nan,nan,nan,nan,nan,nan,nan,nan,nan
1.582973042506485,nan,nan,nan,nan,nan,nan,nan,nan,nan,nan
1.6438566210644268,nan,nan,nan,nan,nan,nan,nan,nan,nan,nan
1.7047401996223683,nan,nan,nan,nan,nan,nan,nan,nan,nan,nan
1.7656237781803101,nan,nan,nan,nan,nan,nan,nan,nan,nan,nan
1.8265073567382519,nan,nan,nan,nan,nan,nan,nan,nan,nan,nan
1.8873909352961935,nan,nan,nan,nan,nan,nan,nan,nan,nan,nan
1.9482745138541353,nan,nan,nan,nan,nan,nan,nan,nan,nan,nan
2.0091580924120769,nan,nan,nan,nan,nan,nan,nan,nan,nan,nan
2.0700416709700189,nan,nan,nan,nan,nan,nan,nan,nan,nan,nan
2.1309252495279605,nan,nan,nan,nan,nan,nan,nan,nan,nan,nan
2.1918088280859021,nan,nan,nan,nan,nan,nan,nan,nan,nan,nan
2.2526924066438441,nan,nan,nan,nan,nan,nan,nan,nan,nan,nan
2.3135759852017856,nan,nan,nan,nan,nan,nan,nan,nan,nan,nan
2.3744595637597272,nan,nan,nan,nan,nan,nan,nan,nan,nan,nan
2.4353431423176692,0,0,nan,nan,nan,nan,nan,nan,nan,nan
2.4962267208756108,0.0020542990346143365,0.0083761402128831146,nan,nan,nan,nan,nan,nan,nan,nan
2.5571102994335524,0.0038886323228846465,0.016803185411352058,nan,nan,nan,nan,nan,nan,nan,nan
2.6179938779914944,0.005501742704402162,0.025275360119568165,nan,nan,nan,nan,nan,nan,nan,nan
2.678877456549436,0.006892524633887967,0.033786857932180857,nan,nan,nan,nan,nan,nan,nan,nan
2.7397610351073776,0.0080600249388787914,0.042331845493748244,nan,nan,nan,nan,nan,nan,nan,nan
2.8006446136653196,0.0090034434729834682,0.050904466496627353,nan,nan,nan,nan,nan,nan,nan,nan
2.8615281922232612,0.0097221336642635617,0.059498845694594633,nan,nan,nan,nan,nan,nan,nan,nan
2.9224117707812027,0.010215602958361349,0.068109092929446696,nan,nan,nan,nan,nan,nan,nan,nan
2.9832953493391448,0.01048351315607198,0.076729307167820213,nan,nan,nan,nan,nan,nan,nan,nan
3.0441789278970863,0.010525680645128386,0.085353580545465615,nan,nan,nan,nan,nan,nan,nan,nan
3.1050625064550283,0.010342076526039872,0.093976002416201729,nan,nan,nan,nan,nan,nan,nan,nan
3.1659460850129699,0.0099328266318983952,0.10259066340277806,nan,nan,nan,nan,nan,nan,nan,nan
3.2268296635709115,0.0092982114421389199,0.11119165944686636,nan,nan,nan,nan,nan,nan,nan,nan
3.2877132421288535,0.0084386658903128076,0.11977309585540724,nan,nan,nan,nan,nan,nan,nan,nan
3.3485968206867951,0.0073547790660059972,0.12832909134053866,nan,nan,nan,nan,nan,nan,nan,nan
3.4094803992447367,0.0060472938111065218,0.1368537820503366,nan,nan,nan,nan,nan,nan,nan,nan
3.4703639778026787,0.00451710621069773,0.14534132558760646,nan,nan,nan,nan,nan,nan,nan,nan
3.5312475563606203,0.0027652649789263817,0.15378590501396991,nan,nan,nan,nan,nan,nan,nan,nan
3.5921311349185618,0.00079297074026632745,0.16218173283650436,nan,nan,nan,nan,nan,nan,nan,nan
3.6530147134765039,-0.0013984247933296091,0.17052305497420123,nan,nan,nan,nan,nan,nan,nan,nan
3.7138982920344454,-0.0038074197488252967,0.17880415470152555,nan,nan,nan,nan,nan,nan,nan,nan
3.774781870592387,-0.0064323631214102351,0.18701935656637447,nan,nan,nan,nan,nan,nan,nan,nan
3.835665449150329,-0.0092714559060157239,0.19516303027974843,nan,nan,nan,nan,nan,nan,nan,nan
3.8965490277082706,-0.012322752330262999,0.2032295945744696,nan,nan,nan,nan,nan,nan,nan,nan
3.9574326062662122,-0.015584161187998572,0.21121352103030439,nan,nan,nan,nan,nan,nan,nan,nan
4.0183161848241538,-0.019053447272502386,0.21910933786286604,nan,nan,nan,nan,nan,nan,nan,nan
4.0791997633820962,-0.022728232908386794,0.22691163367370243,nan,nan,nan,nan,nan,nan,nan,nan
4.1400833419400378,-0.026605999581136557,0.23461506115899783,nan,nan,nan,nan,nan,nan,nan,nan
4.2009669204979794,-0.030684089663173011,0.24221434077434903,nan,nan,nan,nan,nan,nan,nan,nan
4.2618504990559209,-0.034959708235259061,0.24970426435309995,nan,nan,nan,nan,nan,nan,nan,nan
4.3227340776138625,-0.039429925001997226,0.25707969867575964,nan,nan,nan,nan,nan,nan,nan,nan
4.3836176561718041,-0.044091676300107949,0.26433558898805465,nan,nan,nan,nan,nan,nan,nan,nan
4.4445012347297466,-0.048941767198111392,0.27146696246520502,nan,nan,nan,nan,nan,nan,nan,nan
4.5053848132876881,-0.053976873685973092,0.27846893162004899,nan,nan,nan,nan,nan,nan,nan,nan
4.5662683918456297,-0.059193544953215792,0.28533669765268438,nan,nan,nan,nan,nan,nan,nan,nan
4.6271519704035713,-0.064588205753931302,0.29206555373932491,nan,nan,nan,nan,nan,nan,nan,nan
4.6880355489615129,-0.070157158857076116,0.29865088825812253,nan,nan,nan,nan,nan,nan,nan,nan
4.7489191275194544,-0.075896587580368893,0.30508818794974307,nan,nan,nan,nan,nan,nan,nan,nan
4.8098027060773969,-0.08180255840605348,0.31137304101052815,nan,nan,nan,nan,nan,nan,nan,nan
4.8706862846353385,-0.087871023676735771,0.31750114011612518,0,0,nan,nan,nan,nan,nan,nan
4.9315698631932801,-0.094097824369445693,0.32346828537351252,-0.0062268006927099287,0.0059671452573873815,nan,nan,nan,nan,nan,nan
4.9924534417512216,-0.10047869294602438,0.32927038719939661,-0.012607669269288609,0.011769247083271425,nan,nan,nan,nan,nan,nan
5.0533370203091632,-0.10700925627788066,0.33490346912300711,-0.019138232601144903,0.01740232900688192,nan,nan,nan,nan,nan,nan
5.1142205988671048,-0.11368503864311609,0.34036367051137262,-0.02581401496638033,0.022862530395247396,nan,nan,nan,nan,nan,nan
5.1751041774250472,-0.12050146479396018,0.34564724921520446,-0.032630441117224407,0.028146109099079261,nan,nan,nan,nan,nan,nan
5.2359877559829888,-0.12745386309241713,0.35075058413357968,-0.039582839415681373,0.03324944401745452,nan,nan,nan,nan,nan,nan
5.2968713345409304,-0.13453746871197325,0.35567017769566256,-0.04666644503523748,0.038169037579537414,nan,nan,nan,nan,nan,nan
5.357754913098872,-0.14174742690317102,0.36040265825776496,-0.053876403226435256,0.042901518141639741,nan,nan,nan,nan,nan,nan
5.4186384916568135,-0.14907879632081142,0.36494478241410194,-0.061207772644075641,0.047443642297976797,nan,nan,nan,nan,nan,nan
5.4795220702147551,-0.15652655241050595,0.36929343721966129,-0.068655528733770191,0.051792297103536125,nan,nan,nan,nan,nan,nan
5.5404056487726976,-0.1640855908522543,0.37344564232365923,-0.076214567175518541,0.05594450220753408,nan,nan,nan,nan,nan,nan
5.6012892273306392,-0.17175073105869093,0.37739855201212485,-0.083879707381955174,0.059897411895999661,nan,nan,nan,nan,nan,nan
5.6621728058885807,-0.17951671972560046,0.38114945715820975,-0.091645696048864689,0.063648317042084568,nan,nan,nan,nan,nan,nan
5.7230563844465223,-0.18737823443227067,0.38469578707888891,-0.099507210755534911,0.067194646962763713,nan,nan,nan,nan,nan,nan
5.7839399630044639,-0.1953298872892128,0.3880351112967777,-0.10745886361247703,0.07053397118065248,nan,nan,nan,nan,nan,nan
5.8448235415624055,-0.20336622863075282,0.39116514120586016,-0.11549520495401705,0.073664001089734948,nan,nan,nan,nan,nan,nan
5.9057071201203479,-0.21148175074995937,0.39408373163998511,-0.12361072707322357,0.076582591523859919,nan,nan,nan,nan,nan,nan
5.9665906986782895,-0.21967089167335113,0.39678888234305576,-0.13179986799661533,0.079287742226930594,nan,nan,nan,nan,nan,nan
6.0274742772362311,-0.22792803897279623,0.39927873933990571,-0.14005701529606046,0.081777599223780556,nan,nan,nan,nan,nan,nan
6.0883578557941727,-0.23624753361198919,0.40155159620692032,-0.14837650993525345,0.084050456090795145,nan,nan,nan,nan,nan,nan
6.1492414343521142,-0.24462367382487224,0.40360589524153467,-0.15675265014813647,0.08610475512540948,nan,nan,nan,nan,nan,nan
6.2101250129100567,-0.25305071902334125,0.40544022852980499,-0.16517969534660548,0.087939088413679797,nan,nan,nan,nan,nan,nan
6.2710085914679983,-0.26152289373155735,0.40705333891132245,-0.17365187005482158,0.089552198795197269,nan,nan,nan,nan,nan,nan
6.3318921700259398,-0.27003439154416997,0.40844412084080828,-0.18216336786743423,0.090942980724683112,nan,nan,nan,nan,nan,nan
6.3927757485838814,-0.27857937910573743,0.40961162114579908,-0.19070835542900169,0.092110481029673896,nan,nan,nan,nan,nan,nan
6.453659327141823,-0.28715200010861658,0.41055503967990381,-0.19928097643188081,0.093053899563778616,nan,nan,nan,nan,nan,nan
6.5145429056997646,-0.29574637930658376,0.41127372987118394,-0.20787535562984799,0.0937725897550587,nan,nan,nan,nan,nan,nan
6.575426484257707,-0.30435662654143592,0.41176719916528165,-0.21648560286470012,0.094266059049156498,nan,nan,nan,nan,nan,nan
6.6363100628156486,-0.31297684077980953,0.41203510936299231,-0.22510581710307376,0.094533969246867119,nan,nan,nan,nan,nan,nan
6.6971936413735902,-0.32160111415745474,0.4120772768520487,-0.23373009048071897,0.094576136735923536,nan,nan,nan,nan,nan,nan
6.7580772199315318,-0.33022353602819088,0.41189367273296018,-0.24235251235145516,0.094392532616835015,nan,nan,nan,nan,nan,nan
6.8189607984894733,-0.3388381970147672,0.41148442283881875,-0.25096717333803142,0.093983282722693545,nan,nan,nan,nan,nan,nan
6.8798443770474149,-0.34743919305885551,0.41084980764905926,-0.25956816938211974,0.093348667532934068,nan,nan,nan,nan,nan,nan
6.9407279556053574,-0.35602062946739649,0.40999026209723316,-0.26814960579066066,0.092489121981107952,nan,nan,nan,nan,nan,nan
7.001611534163299,-0.36457662495252796,0.40890637527292634,-0.27670560127579219,0.091405235156801143,nan,nan,nan,nan,nan,nan
7.0624951127212405,-0.37310131566232579,0.40759889001802685,-0.28523029198559002,0.090097749901901669,nan,nan,nan,nan,nan,nan
7.1233786912791821,-0.38158885919959568,0.40606870241761805,-0.2937178355228599,0.088567562301492875,nan,nan,nan,nan,nan,nan
7.1842622698371237,-0.39003343862595902,0.40431686118584675,-0.3021624149492233,0.08681572106972156,nan,nan,nan,nan,nan,nan
7.2451458483950653,-0.39842926644849358,0.40234456694718668,-0.31055824277175781,0.084843426831061469,nan,nan,nan,nan,nan,nan
7.3060294269530077,-0.40677058858619042,0.40015317141359075,-0.31889956490945465,0.082652031297465539,0,0,nan,nan,nan,nan
7.3669130055109493,-0.41505168831351485,0.39774417645809507,-0.32718066463677908,0.080243036341969845,-0.0082810997273244109,-0.0024089949554956876,nan,nan,nan,nan
7.4277965840688909,-0.42326689017836372,0.39511923308551006,-0.33539586650162795,0.077618092969384905,-0.016496301592173274,-0.0050339383280806251,nan,nan,nan,nan
7.4886801626268324,-0.4314105638917376,0.39228014030090463,-0.34353954021500183,0.074779000184779426,-0.024639975305547193,-0.0078730311126861147,nan,nan,nan,nan
7.549563741184774,-0.43947712818645879,0.38922884387665729,-0.35160610450972302,0.071727703760532141,-0.0327065396002683,-0.010924327536933389,nan,nan,nan,nan
7.6104473197427156,-0.44746105464229363,0.38596743501892178,-0.35959003096555786,0.068466294902796571,-0.040690466056103179,-0.014185736394668963,nan,nan,nan,nan
7.6713308983006581,-0.45535687147485526,0.38249814893441797,-0.36748584779811949,0.064997008818292762,-0.048586282888664858,-0.017655022479172777,nan,nan,nan,nan
7.7322144768585996,-0.46315916728569156,0.3788233632985335,-0.37528814360895579,0.061322223182408347,-0.056388578699501174,-0.021329808115057185,nan,nan,nan,nan
7.7930980554165412,-0.47086259477098702,0.37494559662578381,-0.38299157109425125,0.057444456509658591,-0.064092006184796602,-0.025207574787806948,nan,nan,nan,nan
7.8539816339744828,-0.47846187438633819,0.37086750654374728,-0.39059085070960242,0.053366366427622138,-0.071691285800147789,-0.029285664869843402,nan,nan,nan,nan
7.9148652125324244,-0.48595179796508897,0.36659188797166131,-0.3980807742883532,0.04909074785553616,-0.079181209378898582,-0.033561283441929379,nan,nan,nan,nan
7.9757487910903668,-0.49332723228774894,0.36212167120492306,-0.40545620861101317,0.044620531088797849,-0.086556643701558522,-0.03803150020866769,nan,nan,nan,nan
8.0366323696483075,-0.50058312260004389,0.35745991990681242,-0.41271209892330812,0.039958779790687196,-0.093812534013853421,-0.042693251506778343,nan,nan,nan,nan
8.0975159482062491,-0.5077144960771941,0.35260982900880905,-0.41984347240045833,0.035108688892683863,-0.10094390749100365,-0.047543342404781669,nan,nan,nan,nan
8.1583995267641924,-0.51471646523203829,0.34757472252094712,-0.42684544155530252,0.03007358240482198,-0.10794587664584784,-0.052578448892643556,nan,nan,nan,nan
8.219283105322134,-0.52158423126467368,0.34235805125370444,-0.43371320758793797,0.024856911137579277,-0.11481364267848328,-0.057795120159886255,nan,nan,nan,nan
8.2801666838800756,-0.5283130873513141,0.33696339045298901,-0.44044206367457839,0.019462250336863836,-0.12154249876512371,-0.063189780960601696,nan,nan,nan,nan
8.3410502624380172,-0.53489842187011183,0.33139443734984414,-0.44702739819337611,0.013893297233718958,-0.12812783328392144,-0.068758734063746579,nan,nan,nan,nan
8.4019338409959587,-0.54133572156173226,0.32565500862655145,-0.45346469788499655,0.008153868510426255,-0.13456513297554187,-0.074498162787039274,nan,nan,nan,nan
8.4628174195539003,-0.54762057462251734,0.31974903780086689,-0.45974955094578163,0.0022478976847417013,-0.1408499860363269,-0.080404133612723833,nan,nan,nan,nan
8.5237009981118419,-0.55374867372811432,0.31368057253018466,-0.46587765005137854,-0.0038205675859404732,-0.14697808514192387,-0.086472598883406013,nan,nan,nan,nan
8.5845845766697835,-0.55971581898550182,0.30745377183747463,-0.471844795308766,-0.010047368278650548,-0.15294523039931132,-0.092699399576116087,nan,nan,nan,nan
8.645468155227725,-0.56551792081138574,0.30107290326089603,-0.47764689713464997,-0.016428236855229119,-0.1587473322251953,-0.099080268152694662,nan,nan,nan,nan
8.7063517337856666,-0.57115100273499619,0.29454233992903978,-0.48327997905826048,-0.022958800187085411,-0.16438041414880578,-0.10561083148455094,nan,nan,nan,nan
8.7672353123436082,-0.57661120412336164,0.28786655756380436,-0.48874018044662593,-0.029634582552320838,-0.16984061553717125,-0.11228661384978637,nan,nan,nan,nan
8.8281188909015498,-0.58189478282719354,0.28105013141296031,-0.49402375915045776,-0.036451008703164881,-0.17512419424100312,-0.11910304000063042,nan,nan,nan,nan
8.8890024694594931,-0.58699811774556887,0.27409773311450331,-0.4991270940688331,-0.043403407001621888,-0.18022752915937842,-0.12605543829908741,nan,nan,nan,nan
8.9498860480174347,-0.59191771130765169,0.26701412749494707,-0.50404668763091598,-0.050487012621178065,-0.18514712272146136,-0.13313904391864359,nan,nan,nan,nan
9.0107696265753763,-0.5966501918697541,0.25980416930374933,-0.50877916819301838,-0.057696970812375833,-0.18987960328356368,-0.14034900210984136,nan,nan,nan,nan
9.0716532051333179,-0.60119231602609124,0.25247279988610882,-0.51332129234935553,-0.065028340230016371,-0.1944217274399008,-0.1476803715274819,nan,nan,nan,nan
9.1325367836912594,-0.60554097083165048,0.24502504379641427,-0.51766994715491477,-0.072476096319710914,-0.19877038224546015,-0.15512812761717645,nan,nan,nan,nan
9.193420362249201,-0.60969317593564853,0.23746600535466594,-0.52182215225891282,-0.080035134761459265,-0.20292258734945812,-0.1626871660589248,nan,nan,nan,nan
9.2543039408071426,-0.61364608562411405,0.22980086514822956,-0.52577506194737822,-0.087700274967895619,-0.20687549703792357,-0.17035230626536119,nan,nan,nan,nan
9.3151875193650842,-0.61739699077019883,0.22203487648132014,-0.52952596709346311,-0.095466263634805038,-0.21062640218400844,-0.1781182949322706,nan,nan,nan,nan
9.3760710979230257,-0.62094332069087799,0.21417336177464993,-0.53307229701414227,-0.10332777834147526,-0.21417273210468757,-0.18597980963894079,nan,nan,nan,nan
9.4369546764809673,-0.62428264490876673,0.20622170891770769,-0.53641162123203101,-0.11127943119841747,-0.21751205632257639,-0.19393146249588303,nan,nan,nan,nan
9.4978382550389089,-0.62741267481784935,0.19818536757616767,-0.53954165114111352,-0.1193157725399575,-0.22064208623165885,-0.20196780383742302,nan,nan,nan,nan
9.5587218335968505,-0.63033126525197425,0.19006984545696118,-0.54246024157523853,-0.12743129465916403,-0.22356067666578383,-0.21008332595662957,nan,nan,nan,nan
9.6196054121547938,-0.63303641595504501,0.18188070453356925,-0.54516539227830918,-0.13562043558255593,-0.22626582736885456,-0.21827246688002147,nan,nan,nan,nan
9.6804889907127354,-0.63552627295189501,0.17362355723412412,-0.54765524927515918,-0.14387758288200106,-0.22875568436570448,-0.22652961417946657,nan,nan,nan,nan
9.741372569270677,-0.63779912981890952,0.16530406259493113,-0.5499281061421738,-0.15219707752119405,-0.23102854123271913,-0.23484910881865959,0,0,nan,nan
9.8022561478286185,-0.63985342885352392,0.15692792238204797,-0.5519824051767882,-0.16057321773407723,-0.23308284026733345,-0.24322524903154277,-0.0020542990346143365,-0.0083761402128831874,nan,nan
9.8631397263865601,-0.64168776214179424,0.14850087718357896,-0.55381673846505852,-0.16900026293254625,-0.23491717355560379,-0.25165229423001179,-0.0038886323228846829,-0.016803185411352197,nan,nan
9.9240233049445017,-0.6433008725233117,0.14002870247536284,-0.55542984884657598,-0.17747243764076234,-0.23653028393712128,-0.26012446893822788,-0.005501742704402162,-0.02527536011956831,nan,nan
9.9849068835024433,-0.64469165445279752,0.13151720466275008,-0.5568206307760617,-0.1859839354533751,-0.23792106586660713,-0.26863596675084062,-0.0068925246338880043,-0.033786857932181072,nan,nan
10.045790462060385,-0.64585915475778821,0.1229722171011832,-0.5579881310810525,-0.19452892301494198,-0.23908856617159785,-0.27718095431240752,-0.0080600249388787185,-0.042331845493747952,nan,nan
10.106674040618326,-0.64680257329189295,0.11439959609830408,-0.55893154961515723,-0.2031015440178211,-0.24003198470570256,-0.28575357531528661,-0.0090034434729834318,-0.050904466496627061,nan,nan
10.167557619176268,-0.64752126348317307,0.10580521690033673,-0.55965023980643736,-0.21169592321578842,-0.24075067489698268,-0.29434795451325396,-0.0097221336642635617,-0.059498845694594411,nan,nan
10.22844119773421,-0.64801473277727095,0.097194969665484604,-0.56014370910053513,-0.2203061704506406,-0.24124414419108048,-0.30295820174810612,-0.010215602958361349,-0.068109092929446544,nan,nan
10.289324776292153,-0.6482826429749815,0.088574755427111004,-0.56041161929824568,-0.22892638468901419,-0.24151205438879109,-0.31157841598647973,-0.01048351315607198,-0.076729307167820143,nan,nan
10.350208354850094,-0.64832481046403789,0.079950482049465615,-0.56045378678730218,-0.23755065806665956,-0.2415542218778475,-0.3202026893641251,-0.010525680645128386,-0.085353580545465532,nan,nan
10.411091933408036,-0.64814120634494943,0.071328060178729419,-0.56027018266821371,-0.24617307993739576,-0.24137061775875898,-0.3288251112348613,-0.010342076526039872,-0.093976002416201729,nan,nan
10.471975511965978,-0.64773195645080794,0.062713399192153019,-0.55986093277407212,-0.25478774092397216,-0.24096136786461753,-0.33743977222143773,-0.0099328266318983952,-0.10259066340277813,nan,nan
10.532859090523919,-0.64709734126104845,0.05411240314806471,-0.55922631758431274,-0.26338873696806048,-0.24032675267485804,-0.34604076826552599,-0.0092982114421389199,-0.11119165944686643,nan,nan
10.593742669081861,-0.64623779570922235,0.045530966739523761,-0.55836677203248664,-0.27197017337660145,-0.23946720712303193,-0.35462220467406697,-0.0084386658903128076,-0.11977309585540738,nan,nan
10.654626247639802,-0.64515390888491553,0.03697497125439228,-0.5572828852081797,-0.28052616886173293,-0.23838332029872508,-0.36317820015919844,-0.0073547790660059608,-0.12832909134053885,nan,nan
10.715509826197744,-0.64384642363001598,0.028450280544594253,-0.55597539995328027,-0.28905085957153093,-0.23707583504382559,-0.37170289086899649,-0.0060472938111064854,-0.13685378205033688,nan,nan
10.776393404755686,-0.6423162360296073,0.019962737007324972,-0.55444521235287159,-0.2975384031088002,-0.23554564744341691,-0.38019043440626571,-0.0045171062106978029,-0.14534132558760618,nan,nan
10.837276983313627,-0.640564394797836,0.011518157580961443,-0.55269337112110017,-0.30598298253516376,-0.23379380621164558,-0.38863501383262927,-0.002765264978926455,-0.15378590501396969,nan,nan
10.898160561871569,-0.63859210055917592,0.0031223297584269403,-0.5507210768824401,-0.31437881035769821,-0.23182151197298548,-0.39703084165516378,-0.00079297074026636399,-0.16218173283650419,nan,nan
10.95904414042951,-0.63640070502557999,-0.0052189923792699362,-0.54852968134884417,-0.32272013249539516,-0.22963011643938955,-0.40537216379286067,0.0013984247933295727,-0.17052305497420109,nan,nan
11.019927718987454,-0.63399171007008426,-0.013500092106594348,-0.54612068639334854,-0.33100123222271949,-0.22722112148389387,-0.41365326352018505,0.0038074197488252603,-0.1788041547015255,nan,nan
11.080811297545395,-0.63136676669749936,-0.021715293971443356,-0.54349574302076353,-0.33921643408756852,-0.22459617811130889,-0.42186846538503409,0.0064323631214102351,-0.18701935656637447,nan,nan
11.141694876103337,-0.62852767391289377,-0.029858967684817272,-0.54065665023615805,-0.34736010780094251,-0.22175708532670341,-0.43001213909840802,0.0092714559060157239,-0.19516303027974843,nan,nan
11.202578454661278,-0.62547637748864648,-0.037925531979538525,-0.53760535381191066,-0.35542667209566375,-0.21870578890245609,-0.43807870339312927,0.012322752330263035,-0.20322959457446968,nan,nan
11.26346203321922,-0.62221496863091086,-0.04590945843537339,-0.53434394495417514,-0.3634105985514986,-0.21544438004472047,-0.44606262984896411,0.015584161187998645,-0.21121352103030452,nan,nan
11.324345611777161,-0.61874568254640705,-0.05380527526793507,-0.53087465886967133,-0.37130641538406023,-0.21197509396021666,-0.4539584466815258,0.019053447272502459,-0.21910933786286621,nan,nan
11.385229190335103,-0.61507089691052264,-0.061607571078771385,-0.52719987323378692,-0.37910871119489653,-0.20830030832433225,-0.4617607424923621,0.022728232908386867,-0.22691163367370254,nan,nan
11.446112768893045,-0.61119313023777289,-0.069310998564066958,-0.52332210656103717,-0.38681213868019215,-0.20442254165158244,-0.46946416997765766,0.026605999581136668,-0.23461506115899808,nan,nan
11.506996347450986,-0.6071150401557367,-0.076910278179417618,-0.51924401647900087,-0.39441141829554277,-0.20034445156954625,-0.47706344959300834,0.030684089663172865,-0.24221434077434872,nan,nan
11.567879926008928,-0.60283942158365067,-0.084400201758168536,-0.51496839790691484,-0.40190134187429372,-0.1960688329974602,-0.48455337317175928,0.034959708235258916,-0.24970426435309967,nan,nan
11.628763504566869,-0.59836920481691247,-0.091775636080828366,-0.51049818114017664,-0.40927677619695357,-0.191598616230722,-0.49192880749441908,0.039429925001997115,-0.25707969867575947,nan,nan
11.689647083124811,-0.59370745351880161,-0.099031526393123515,-0.50583642984206578,-0.41653266650924869,-0.18693686493261116,-0.49918469780671426,0.044091676300107949,-0.26433558898805465,nan,nan
11.750530661682754,-0.58885736262079824,-0.10616289987027372,-0.50098633894406253,-0.42366403998639884,-0.18208677403460785,-0.50631607128386436,0.048941767198111281,-0.27146696246520485,nan,nan
11.811414240240696,-0.58382225613293648,-0.11316486902511784,-0.49595123245620076,-0.43066600914124303,-0.17705166754674606,-0.51331804043870854,0.053976873685973058,-0.27846893162004899,nan,nan
11.872297818798637,-0.5786055848656938,-0.12003263505775323,-0.49073456118895808,-0.43753377517387837,-0.17183499627950335,-0.52018580647134394,0.059193544953215757,-0.28533669765268438,nan,nan
11.933181397356579,-0.57321092406497831,-0.12676149114439378,-0.48533990038824254,-0.44426263126051896,-0.16644033547878784,-0.52691466255798447,0.064588205753931274,-0.29206555373932491,nan,nan
11.994064975914521,-0.56764197096183333,-0.13334682566319153,-0.47977094728509762,-0.45084796577931668,-0.16087138237564294,-0.5334999970767822,0.070157158857076185,-0.29865088825812269,nan,nan
12.054948554472462,-0.56190254223854053,-0.13978412535481205,-0.47403151856180481,-0.45728526547093723,-0.15513195365235016,-0.53993729676840274,0.075896587580368963,-0.30508818794974324,nan,nan
12.115832133030404,-0.55599657141285597,-0.1460689784155971,-0.4681255477361202,-0.46357011853172225,-0.14922598282666558,-0.54622214982918782,0.081802558406053549,-0.31137304101052826,nan,nan
12.176715711588345,-0.54992810614217369,-0.15219707752119416,-0.46205708246543797,-0.46969821763731934,-0.14315751755598327,-0.5523502489347849,0.08787102367673584,-0.31750114011612529,0,0
12.237599290146287,-0.54370130544946416,-0.15816422277858119,-0.45583028177272839,-0.4756653628947064,-0.13693071686327368,-0.55831739419217197,0.094097824369445443,-0.32346828537351235,0.0062268006927096,-0.0059671452573870527
12.298482868704228,-0.53732043687288544,-0.16396632460446528,-0.44944941319614967,-0.48146746472059049,-0.130549848286695,-0.564119496018056,0.10047869294602411,-0.32927038719939644,0.012607669269288281,-0.011769247083271133
12.35936644726217,-0.53078987354102902,-0.1695994065280759,-0.44291884986429325,-0.4871005466442011,-0.1240192849548386,-0.56975257794166667,0.10700925627788052,-0.33490346912300706,0.019138232601144681,-0.017402329006881739
12.420250025820113,-0.52411409117579355,-0.17505960791644137,-0.43624306749905783,-0.49256074803256661,-0.11734350258960317,-0.57521277933003212,0.11368503864311595,-0.34036367051137251,0.025814014966380111,-0.022862530395247212
12.481133604378055,-0.51729766502494956,-0.18034318662027324,-0.42942664134821379,-0.49784432673639845,-0.11052707643875913,-0.58049635803386401,0.12050146479395998,-0.3456472492152044,0.03263044111722415,-0.028146109099079077
12.542017182935997,-0.51034526672649261,-0.18544652153864855,-0.42247424304975678,-0.50294766165477367,-0.10357467814030212,-0.58559969295223924,0.12745386309241699,-0.35075058413357968,0.039582839415681158,-0.033249444017454374
12.602900761493938,-0.50326166110693638,-0.19036611510073143,-0.41539063743020055,-0.50786725521685661,-0.096491072520745916,-0.59051928651432217,0.13453746871197322,-0.35567017769566256,0.046666445035237369,-0.038169037579537303
12.66378434005188,-0.49605170291573858,-0.1950985956628338,-0.40818067923900281,-0.5125997357789589,-0.089281114329548134,-0.59525176707642447,0.14174742690317099,-0.36040265825776496,0.053876403226435145,-0.042901518141639637
12.724667918609821,-0.48872033349809801,-0.19964071981917089,-0.40084930982136224,-0.51714185993529604,-0.08194974491190761,-0.59979389123276161,0.1490787963208115,-0.36494478241410205,0.061207772644075675,-0.047443642297976762
12.785551497167763,-0.48127257740840351,-0.20398937462473021,-0.39340155373166774,-0.52149051474085539,-0.07450198882221308,-0.60414254603832096,0.15652655241050603,-0.36929343721966135,0.068655528733770205,-0.051792297103536084
12.846435075725704,-0.47371353896665519,-0.20814157972872818,-0.38584251528991942,-0.52564271984485333,-0.066942950380464716,-0.6082947511423189,0.16408559085225441,-0.37344564232365934,0.076214567175518555,-0.055944502207534046
12.907318654283646,-0.46604839876021853,-0.21209448941719375,-0.37817737508348276,-0.52959562953331896,-0.059277810174028098,-0.61224766083078452,0.17175073105869104,-0.37739855201212491,0.083879707381955187,-0.059897411895999626
12.968202232841588,-0.45828241009330939,-0.21584539456327856,-0.37041138641657362,-0.53334653467940363,-0.05151182150711895,-0.61599856597686919,0.17951671972560015,-0.38114945715820969,0.091645696048864328,-0.063648317042084387
13.029085811399529,-0.45042089538663921,-0.21939172448395769,-0.36254987170990344,-0.5368928646000829,-0.043650306800448735,-0.61954489589754846,0.18737823443227036,-0.38469578707888885,0.09950721075553455,-0.067194646962763532
13.089969389957471,-0.44246924252969694,-0.22273104870184646,-0.35459821885296117,-0.54023218881797164,-0.035698653943506513,-0.6228842201154372,0.19532988728921261,-0.38803511129677759,0.10745886361247677,-0.070533971180652327
13.150852968515414,-0.43443290118815697,-0.22586107861092894,-0.3465618775114212,-0.54336221872705415,-0.027662312601966492,-0.62601425002451971,0.20336622863075263,-0.3911651412058601,0.11549520495401679,-0.07366400108973481
13.211736547073356,-0.4263173790689504,-0.22877966904505395,-0.33844635539221463,-0.54628080916117916,-0.019546790482759965,-0.62893284045864473,0.21148175074995915,-0.39408373163998511,0.12361072707322332,-0.07658259152385978
13.272620125631297,-0.4181282381455585,-0.23148481974812468,-0.33025721446882272,-0.54898595986424981,-0.011357649559368053,-0.63163799116171537,0.21967089167335105,-0.39678888234305582,0.13179986799661522,-0.079287742226930524
13.333503704189239,-0.40987109084611334,-0.23397467674497457,-0.32200006716937757,-0.55147581686109981,-0.0031005022599229297,-0.63412784815856527,0.22792803897279618,-0.39927873933990571,0.14005701529606035,-0.081777599223780445
13.39438728274718,-0.40155159620692038,-0.23624753361198925,-0.31368057253018461,-0.55374867372811443,0.0052189923792700463,-0.63640070502557999,0.23624753361198916,-0.40155159620692038,0.14837650993525334,-0.084050456090795075
13.455270861305122,-0.39317545599403719,-0.23830183264660354,-0.30530443231730142,-0.55580297276272872,0.013595132592153225,-0.63845500406019429,0.24462367382487235,-0.40360589524153467,0.1567526501481365,-0.08610475512540941
13.516154439863064,-0.38474841079556821,-0.24013616593487391,-0.29687738711883244,-0.55763730605099904,0.022022177790622242,-0.6402893373484646,0.25305071902334136,-0.40544022852980505,0.16517969534660554,-0.087939088413679756
13.577038018421005,-0.37627623608735206,-0.2417492763163914,-0.28840521241061634,-0.55925041643251661,0.030494352498838348,-0.64190244772998217,0.26152289373155746,-0.40705333891132256,0.17365187005482163,-0.089552198795197227
13.637921596978947,-0.36776473827473988,-0.24314005824587714,-0.27989371459800411,-0.56064119836200221,0.039005850311450541,-0.64329322965946778,0.27003439154416964,-0.40844412084080828,0.18216336786743381,-0.090942980724682959
13.698805175536888,-0.35921975071317247,-0.24430755855086797,-0.2713487270364367,-0.56180869866699312,0.047550837873017997,-0.64446072996445858,0.2785793791057371,-0.40961162114579908,0.19070835542900125,-0.092110481029673785
13.75968875409483,-0.35064712971029333,-0.24525097708497268,-0.26277610603355755,-0.56275211720109775,0.056123458875897106,-0.64540414849856331,0.28715200010861619,-0.41055503967990381,0.19928097643188036,-0.093053899563778505
13.820572332652773,-0.34205275051232542,-0.24596966727625283,-0.25418172683558959,-0.56347080739237798,0.064717838073865053,-0.64612283868984355,0.29574637930658415,-0.41127372987118399,0.20787535562984832,-0.093772589755058672
13.881455911210715,-0.33344250327747382,-0.2464631365703506,-0.24557147960073808,-0.56396427668647575,0.073328085308716595,-0.64661630798394121,0.30435662654143569,-0.41176719916528171,0.21648560286469987,-0.094266059049156414
13.942339489768656,-0.32482228903910026,-0.24673104676806118,-0.23695126536236449,-0.56423218688418642,0.081948299547090195,-0.64688421818165187,0.31297684077980931,-0.41203510936299231,0.22510581710307345,-0.09453396924686705
14.003223068326598,-0.31619801566145483,-0.24677321425711762,-0.22832699198471909,-0.5642743543732428,0.09057257292473557,-0.64692638567070837,0.32160111415745468,-0.41207727685204876,0.23373009048071886,-0.094576136735923452
14.064106646884539,-0.30757559379071864,-0.2465896101380291,-0.21970457011398289,-0.56409075025415434,0.09919499479547178,-0.64674278155161979,0.33022353602819088,-0.41189367273296024,0.24235251235145505,-0.094392532616834945
14.124990225442481,-0.29896093280414227,-0.24618036024388759,-0.21108990912740649,-0.56368150036001285,0.10780965578204818,-0.64633353165747831,0.33883819701476731,-0.41148442283881875,0.25096717333803142,-0.093983282722693462
14.185873804000423,-0.29035993676005395,-0.24554574505412813,-0.20248891308331821,-0.56304688517025336,0.11641065182613648,-0.64569891646771882,0.34743919305885557,-0.41084980764905926,0.25956816938211974,-0.093348667532933985
14.246757382558364,-0.28177850035151303,-0.244686199502302,-0.19390747667477723,-0.56218733961842726,0.12499208823467743,-0.64483937091589272,0.35602062946739654,-0.40999026209723316,0.26814960579066072,-0.092489121981107883
14.307640961116306,-0.27322250486638155,-0.2436023126779952,-0.18535148118964578,-0.56110345279412044,0.13354808371980892,-0.64375548409158589,0.36457662495252802,-0.40890637527292634,0.27670560127579219,-0.091405235156801073
14.368524539674247,-0.26469781415658405,-0.2422948274230958,-0.17682679047984828,-0.55979596753922101,0.14207277442960636,-0.64244799883668657,0.37310131566232552,-0.40759889001802696,0.28523029198558963,-0.090097749901901669
14.429408118232189,-0.25621027061931423,-0.24076463982268703,-0.16833924694257846,-0.55826577993881221,0.15056031796687622,-0.64091781123627778,0.38158885919959529,-0.40606870241761817,0.29371783552285952,-0.088567562301492875
14.490291696790131,-0.24776569119295069,-0.23901279859091565,-0.15989466751621492,-0.55651393870704091,0.15900489739323972,-0.63916597000450637,0.39003343862595885,-0.40431686118584681,0.30216241494922302,-0.086815721069721533
14.551175275348074,-0.23936986337041563,-0.23704050435225546,-0.15149883969367986,-0.55454164446838061,0.16740072521577484,-0.63719367576584618,0.39842926644849391,-0.40234456694718662,0.31055824277175809,-0.084843426831061289
14.612058853906015,-0.23102854123271929,-0.23484910881865967,-0.14315751755598355,-0.5523502489347849,0.17574204735347113,-0.63500228023225036,0.40677058858619025,-0.4001531714135908,0.31889956490945442,-0.082652031297465497
