delta_z,z_e1,x_e1,y_e1,z_e2,x_e2,y_e2,z_e3,x_e3,y_e3,z_e4,x_e4,y_e4,z_e5,x_e5,y_e5
0,2.4353431423176692,0,0,4.8706862846353385,0,0,7.3060294269530077,0,0,9.741372569270677,0,0,12.176715711588345,0,0
0.060883578557941728,2.4962267208756108,0.0020542990346143365,0.0083761402128831146,4.9315698631932801,-0.0062268006927099287,0.0059671452573873815,7.3669130055109493,-0.0082810997273244109,-0.0024089949554956876,9.8022561478286185,-0.0020542990346143365,-0.0083761402128831874,12.237599290146287,0.0062268006927096,-0.0059671452573870527
0.12176715711588346,2.5571102994335528,0.0038886323228846829,0.016803185411352124,4.9924534417512216,-0.012607669269288609,0.011769247083271425,7.4277965840688909,-0.016496301592173274,-0.0050339383280806251,9.8631397263865601,-0.0038886323228846829,-0.016803185411352197,12.298482868704228,0.012607669269288281,-0.011769247083271133
0.18265073567382517,2.6179938779914944,0.005501742704402162,0.025275360119568165,5.0533370203091632,-0.019138232601144903,0.01740232900688192,7.4886801626268333,-0.024639975305547318,-0.0078730311126861512,9.9240233049445017,-0.005501742704402162,-0.02527536011956831,12.35936644726217,0.019138232601144681,-0.017402329006881739
0.24353431423176691,2.678877456549436,0.006892524633887967,0.033786857932180857,5.1142205988671057,-0.025814014966380441,0.022862530395247469,7.5495637411847749,-0.032706539600268446,-0.010924327536933426,9.9849068835024433,-0.0068925246338880043,-0.033786857932181072,12.420250025820112,0.025814014966380111,-0.022862530395247212
0.30441789278970866,2.739761035107378,0.0080600249388787914,0.042331845493748244,5.1751041774250472,-0.032630441117224407,0.028146109099079261,7.6104473197427165,-0.040690466056103311,-0.014185736394669036,10.045790462060385,-0.0080600249388787185,-0.042331845493747952,12.481133604378053,0.03263044111722415,-0.028146109099079077
0.36530147134765034,2.8006446136653196,0.0090034434729834682,0.050904466496627353,5.2359877559829888,-0.039582839415681373,0.03324944401745452,7.6713308983006581,-0.048586282888664858,-0.017655022479172777,10.106674040618326,-0.0090034434729834318,-0.050904466496627061,12.542017182935997,0.039582839415681158,-0.033249444017454374
0.42618504990559208,2.8615281922232612,0.0097221336642635617,0.059498845694594633,5.2968713345409304,-0.04666644503523748,0.038169037579537414,7.7322144768585996,-0.056388578699501174,-0.021329808115057185,10.16755761917627,-0.0097221336642635981,-0.059498845694595001,12.602900761493938,0.046666445035237369,-0.038169037579537303
0.48706862846353383,2.9224117707812032,0.010215602958361349,0.068109092929446696,5.357754913098872,-0.053876403226435256,0.042901518141639741,7.7930980554165412,-0.064092006184796602,-0.025207574787806948,10.228441197734211,-0.010215602958361386,-0.068109092929447126,12.66378434005188,0.053876403226435145,-0.042901518141639637
0.54795220702147551,2.9832953493391448,0.01048351315607198,0.076729307167820213,5.4186384916568144,-0.061207772644075786,0.047443642297976873,7.8539816339744828,-0.071691285800147789,-0.029285664869843402,10.289324776292153,-0.01048351315607198,-0.076729307167820143,12.724667918609821,0.061207772644075675,-0.047443642297976762
0.60883578557941731,3.0441789278970868,0.010525680645128386,0.085353580545465615,5.479522070214756,-0.068655528733770191,0.051792297103536125,7.9148652125324253,-0.079181209378898734,-0.033561283441929449,10.350208354850094,-0.010525680645128386,-0.085353580545465532,12.785551497167763,0.068655528733770205,-0.051792297103536084
0.669719364137359,3.1050625064550283,0.010342076526039872,0.093976002416201729,5.5404056487726976,-0.076214567175518541,0.05594450220753408,7.9757487910903668,-0.086556643701558522,-0.03803150020866769,10.411091933408036,-0.010342076526039872,-0.093976002416201729,12.846435075725704,0.076214567175518555,-0.055944502207534046
0.73060294269530068,3.1659460850129699,0.0099328266318983952,0.10259066340277806,5.6012892273306392,-0.083879707381955174,0.059897411895999661,8.0366323696483093,-0.093812534013853671,-0.042693251506778489,10.471975511965978,-0.0099328266318983952,-0.10259066340277813,12.907318654283646,0.083879707381955187,-0.059897411895999626
0.79148652125324248,3.2268296635709115,0.0092982114421389199,0.11119165944686636,5.6621728058885807,-0.091645696048864689,0.063648317042084568,8.0975159482062509,-0.10094390749100388,-0.047543342404781856,10.532859090523919,-0.0092982114421389199,-0.11119165944686643,12.968202232841588,0.091645696048864328,-0.063648317042084387
0.85237009981118417,3.2877132421288535,0.0084386658903128076,0.11977309585540724,5.7230563844465223,-0.099507210755534911,0.067194646962763713,8.1583995267641924,-0.10794587664584784,-0.052578448892643556,10.593742669081861,-0.0084386658903128076,-0.11977309585540738,13.029085811399529,0.09950721075553455,-0.067194646962763532
0.91325367836912597,3.3485968206867951,0.0073547790660059972,0.12832909134053866,5.7839399630044648,-0.10745886361247715,0.070533971180652522,8.219283105322134,-0.11481364267848328,-0.057795120159886255,10.654626247639802,-0.0073547790660059608,-0.12832909134053885,13.089969389957471,0.10745886361247677,-0.070533971180652327
0.97413725692706765,3.4094803992447371,0.0060472938111065218,0.13685378205033666,5.8448235415624064,-0.11549520495401705,0.073664001089734948,8.2801666838800756,-0.12154249876512371,-0.063189780960601696,10.715509826197744,-0.0060472938111064854,-0.13685378205033688,13.150852968515412,0.11549520495401679,-0.07366400108973481
1.0350208354850094,3.4703639778026787,0.00451710621069773,0.14534132558760646,5.9057071201203479,-0.12361072707322357,0.076582591523859919,8.3410502624380172,-0.12812783328392144,-0.068758734063746579,10.776393404755687,-0.0045171062106976936,-0.14534132558760676,13.211736547073354,0.12361072707322332,-0.07658259152385978
1.095904414042951,3.5312475563606203,0.0027652649789263817,0.15378590501396991,5.9665906986782895,-0.13179986799661533,0.079287742226930594,8.4019338409959587,-0.13456513297554187,-0.074498162787039274,10.837276983313629,-0.0027652649789263084,-0.15378590501397027,13.272620125631295,0.13179986799661522,-0.079287742226930524
1.1567879926008928,3.5921311349185618,0.00079297074026632745,0.16218173283650436,6.0274742772362311,-0.14005701529606046,0.081777599223780556,8.4628174195539003,-0.1408499860363269,-0.080404133612723833,10.89816056187157,-0.00079297074026621773,-0.16218173283650478,13.333503704189239,0.14005701529606035,-0.081777599223780445
1.2176715711588346,3.6530147134765039,-0.0013984247933296091,0.17052305497420123,6.0883578557941735,-0.14837650993525345,0.084050456090795145,8.5237009981118419,-0.14697808514192387,-0.086472598883406013,10.959044140429512,0.0013984247933295727,-0.17052305497420109,13.39438728274718,0.14837650993525334,-0.084050456090795075
1.2785551497167762,3.7138982920344454,-0.0038074197488252967,0.17880415470152555,6.1492414343521151,-0.15675265014813661,0.086104755125409521,8.5845845766697835,-0.15294523039931132,-0.092699399576116087,11.019927718987454,0.0038074197488252603,-0.1788041547015255,13.455270861305122,0.1567526501481365,-0.08610475512540941
1.339438728274718,3.7747818705923875,-0.0064323631214102716,0.18701935656637456,6.2101250129100567,-0.16517969534660548,0.087939088413679797,8.645468155227725,-0.1587473322251953,-0.099080268152694662,11.080811297545395,0.0064323631214102351,-0.18701935656637447,13.516154439863064,0.16517969534660554,-0.087939088413679756
1.4003223068326598,3.835665449150329,-0.0092714559060157239,0.19516303027974843,6.2710085914679983,-0.17365187005482158,0.089552198795197269,8.7063517337856666,-0.16438041414880578,-0.10561083148455094,11.141694876103337,0.0092714559060157239,-0.19516303027974843,13.577038018421005,0.17365187005482163,-0.089552198795197227
1.4612058853906014,3.8965490277082706,-0.012322752330262999,0.2032295945744696,6.3318921700259398,-0.18216336786743423,0.090942980724683112,8.7672353123436082,-0.16984061553717125,-0.11228661384978637,11.202578454661278,0.012322752330263035,-0.20322959457446968,13.637921596978947,0.18216336786743381,-0.090942980724682959
1.5220894639485432,3.9574326062662122,-0.015584161187998572,0.21121352103030439,6.3927757485838814,-0.19070835542900169,0.092110481029673896,8.8281188909015516,-0.17512419424100331,-0.11910304000063064,11.26346203321922,0.015584161187998645,-0.21121352103030452,13.698805175536888,0.19070835542900125,-0.092110481029673785
1.582973042506485,4.0183161848241546,-0.019053447272502421,0.21910933786286618,6.453659327141823,-0.19928097643188081,0.093053899563778616,8.8890024694594931,-0.18022752915937842,-0.12605543829908741,11.324345611777161,0.019053447272502459,-0.21910933786286621,13.75968875409483,0.19928097643188036,-0.093053899563778505
1.6438566210644268,4.0791997633820962,-0.022728232908386794,0.22691163367370243,6.5145429056997655,-0.20787535562984816,0.0937725897550587,8.9498860480174347,-0.18514712272146136,-0.13313904391864359,11.385229190335103,0.022728232908386867,-0.22691163367370254,13.820572332652771,0.20787535562984774,-0.09377258975505863
1.7047401996223683,4.1400833419400378,-0.026605999581136557,0.23461506115899783,6.575426484257707,-0.21648560286470012,0.094266059049156498,9.0107696265753763,-0.18987960328356368,-0.14034900210984136,11.446112768893045,0.026605999581136668,-0.23461506115899808,13.881455911210713,0.21648560286469987,-0.094266059049156414
1.7656237781803101,4.2009669204979794,-0.030684089663173011,0.24221434077434903,6.6363100628156486,-0.22510581710307376,0.094533969246867119,9.0716532051333179,-0.1944217274399008,-0.1476803715274819,11.506996347450986,0.030684089663172865,-0.24221434077434872,13.942339489768656,0.22510581710307345,-0.09453396924686705
1.8265073567382519,4.2618504990559209,-0.034959708235259061,0.24970426435309995,6.6971936413735902,-0.23373009048071897,0.094576136735923536,9.1325367836912594,-0.19877038224546015,-0.15512812761717645,11.56787992600893,0.034959708235259207,-0.24970426435310017,14.003223068326598,0.23373009048071886,-0.094576136735923452
1.8873909352961935,4.3227340776138625,-0.039429925001997226,0.25707969867575964,6.7580772199315318,-0.24235251235145516,0.094392532616835015,9.193420362249201,-0.20292258734945812,-0.1626871660589248,11.628763504566871,0.039429925001997448,-0.25707969867576003,14.064106646884539,0.24235251235145505,-0.094392532616834945
1.9482745138541353,4.3836176561718041,-0.044091676300107949,0.26433558898805465,6.8189607984894742,-0.25096717333803154,0.093983282722693545,9.2543039408071426,-0.20687549703792357,-0.17035230626536119,11.689647083124813,0.044091676300107949,-0.26433558898805465,14.124990225442481,0.25096717333803142,-0.093983282722693462
2.0091580924120769,4.4445012347297457,-0.048941767198111281,0.27146696246520485,6.8798443770474158,-0.25956816938211991,0.093348667532934068,9.3151875193650842,-0.21062640218400844,-0.1781182949322706,11.750530661682754,0.048941767198111281,-0.27146696246520485,14.185873804000423,0.25956816938211974,-0.093348667532933985
2.0700416709700189,4.5053848132876881,-0.053976873685973092,0.27846893162004899,6.9407279556053574,-0.26814960579066066,0.092489121981107952,9.3760710979230275,-0.21417273210468779,-0.18597980963894131,11.811414240240696,0.053976873685973058,-0.27846893162004899,14.246757382558364,0.26814960579066072,-0.092489121981107883
2.1309252495279605,4.5662683918456297,-0.059193544953215792,0.28533669765268438,7.001611534163299,-0.27670560127579219,0.091405235156801143,9.4369546764809691,-0.21751205632257661,-0.19393146249588356,11.872297818798637,0.059193544953215757,-0.28533669765268438,14.307640961116306,0.27670560127579219,-0.091405235156801073
2.1918088280859021,4.6271519704035713,-0.064588205753931302,0.29206555373932491,7.0624951127212405,-0.28523029198559002,0.090097749901901669,9.4978382550389107,-0.22064208623165907,-0.2019678038374236,11.933181397356579,0.064588205753931274,-0.29206555373932491,14.368524539674247,0.28523029198558963,-0.090097749901901669
2.2526924066438441,4.6880355489615138,-0.070157158857076227,0.29865088825812269,7.1233786912791821,-0.2937178355228599,0.088567562301492875,9.5587218335968522,-0.22356067666578383,-0.21008332595662957,11.994064975914521,0.070157158857076185,-0.29865088825812269,14.429408118232189,0.29371783552285952,-0.088567562301492875
2.3135759852017856,4.7489191275194553,-0.075896587580369004,0.30508818794974324,7.1842622698371237,-0.3021624149492233,0.08681572106972156,9.6196054121547938,-0.22626582736885456,-0.21827246688002147,12.054948554472462,0.075896587580368963,-0.30508818794974324,14.490291696790131,0.30216241494922302,-0.086815721069721533
2.3744595637597272,4.8098027060773969,-0.08180255840605348,0.31137304101052815,7.2451458483950653,-0.31055824277175781,0.084843426831061469,9.6804889907127354,-0.22875568436570448,-0.22652961417946657,12.115832133030404,0.081802558406053549,-0.31137304101052826,14.551175275348072,0.31055824277175753,-0.084843426831061441
2.4353431423176692,4.8706862846353385,-0.087871023676735771,0.31750114011612518,7.3060294269530077,-0.31889956490945465,0.082652031297465539,9.741372569270677,-0.23102854123271913,-0.23484910881865959,12.176715711588347,0.08787102367673584,-0.31750114011612529,14.612058853906014,0.31889956490945442,-0.082652031297465497
2.4962267208756108,4.9315698631932801,-0.094097824369445693,0.32346828537351252,7.3669130055109493,-0.32718066463677908,0.080243036341969845,9.8022561478286185,-0.23308284026733345,-0.24322524903154277,12.237599290146289,0.094097824369445873,-0.32346828537351274,14.672942432463955,0.32718066463677881,-0.080243036341969817
2.5571102994335524,4.9924534417512216,-0.10047869294602438,0.32927038719939661,7.4277965840688909,-0.33539586650162795,0.077618092969384905,9.8631397263865601,-0.23491717355560379,-0.25165229423001179,12.29848286870423,0.10047869294602456,-0.32927038719939683,14.733826011021897,0.33539586650162784,-0.077618092969384878
2.6179938779914944,5.0533370203091632,-0.10700925627788066,0.33490346912300711,7.4886801626268333,-0.34353954021500199,0.074779000184779384,9.9240233049445017,-0.23653028393712128,-0.26012446893822788,12.359366447262172,0.10700925627788099,-0.33490346912300739,14.79470958957984,0.34353954021500177,-0.074779000184779343
2.678877456549436,5.1142205988671048,-0.11368503864311609,0.34036367051137262,7.5495637411847749,-0.35160610450972313,0.071727703760532113,9.9849068835024433,-0.23792106586660713,-0.26863596675084062,12.420250025820113,0.11368503864311595,-0.34036367051137251,14.855593168137782,0.35160610450972302,-0.07172770376053203
2.7397610351073776,5.1751041774250464,-0.12050146479396003,0.34564724921520429,7.6104473197427165,-0.35959003096555792,0.068466294902796501,10.045790462060385,-0.23908856617159785,-0.27718095431240752,12.481133604378055,0.12050146479395998,-0.3456472492152044,14.916476746695723,0.35959003096555786,-0.06846629490279646
2.8006446136653196,5.2359877559829888,-0.12745386309241713,0.35075058413357968,7.6713308983006581,-0.36748584779811949,0.064997008818292762,10.106674040618326,-0.24003198470570256,-0.28575357531528661,12.542017182935997,0.12745386309241699,-0.35075058413357968,14.977360325253665,0.3674858477981196,-0.064997008818292651
2.8615281922232612,5.2968713345409304,-0.13453746871197325,0.35567017769566256,7.7322144768585996,-0.37528814360895579,0.061322223182408347,10.167557619176268,-0.24075067489698268,-0.29434795451325396,12.602900761493938,0.13453746871197322,-0.35567017769566256,15.038243903811606,0.3752881436089559,-0.061322223182408236
2.9224117707812027,5.357754913098872,-0.14174742690317102,0.36040265825776496,7.7930980554165412,-0.38299157109425125,0.057444456509658591,10.22844119773421,-0.24124414419108048,-0.30295820174810612,12.66378434005188,0.14174742690317099,-0.36040265825776496,15.099127482369548,0.38299157109425092,-0.057444456509658695
2.9832953493391448,5.4186384916568144,-0.14907879632081156,0.36494478241410205,7.8539816339744828,-0.39059085070960242,0.053366366427622138,10.289324776292153,-0.24151205438879109,-0.31157841598647973,12.724667918609821,0.1490787963208115,-0.36494478241410205,15.16001106092749,0.39059085070960209,-0.053366366427622207
3.0441789278970863,5.479522070214756,-0.15652655241050595,0.36929343721966129,7.9148652125324244,-0.3980807742883532,0.04909074785553616,10.350208354850094,-0.2415542218778475,-0.3202026893641251,12.785551497167763,0.15652655241050603,-0.36929343721966135,15.220894639485431,0.39808077428835309,-0.049090747855536195
3.1050625064550283,5.5404056487726976,-0.1640855908522543,0.37344564232365923,7.9757487910903668,-0.40545620861101317,0.044620531088797849,10.411091933408036,-0.24137061775875898,-0.3288251112348613,12.846435075725704,0.16408559085225441,-0.37344564232365934,15.281778218043375,0.40545620861101334,-0.044620531088797627
3.1659460850129699,5.6012892273306392,-0.17175073105869093,0.37739855201212485,8.0366323696483093,-0.41271209892330835,0.03995877979068705,10.471975511965978,-0.24096136786461753,-0.33743977222143773,12.907318654283646,0.17175073105869104,-0.37739855201212491,15.342661796601316,0.41271209892330796,-0.039958779790687161
3.2268296635709115,5.6621728058885807,-0.17951671972560046,0.38114945715820975,8.0975159482062509,-0.4198434724004585,0.035108688892683683,10.532859090523919,-0.24032675267485804,-0.34604076826552599,12.968202232841588,0.17951671972560015,-0.38114945715820969,15.403545375159258,0.41984347240045822,-0.035108688892683829
3.2877132421288535,5.7230563844465223,-0.18737823443227067,0.38469578707888891,8.1583995267641924,-0.42684544155530252,0.03007358240482198,10.593742669081861,-0.23946720712303193,-0.35462220467406697,13.029085811399531,0.18737823443227092,-0.38469578707888907,15.464428953717199,0.4268454415553023,-0.030073582404822014
3.3485968206867951,5.7839399630044639,-0.1953298872892128,0.3880351112967777,8.219283105322134,-0.43371320758793797,0.024856911137579277,10.654626247639802,-0.23838332029872508,-0.36317820015919844,13.089969389957473,0.19532988728921316,-0.38803511129677781,15.525312532275141,0.43371320758793774,-0.024856911137579315
3.4094803992447367,5.8448235415624055,-0.20336622863075282,0.39116514120586016,8.2801666838800756,-0.44044206367457839,0.019462250336863836,10.715509826197744,-0.23707583504382559,-0.37170289086899649,13.150852968515414,0.20336622863075263,-0.3911651412058601,15.586196110833082,0.44044206367457822,-0.019462250336863801
3.4703639778026787,5.9057071201203479,-0.21148175074995937,0.39408373163998511,8.3410502624380172,-0.44702739819337611,0.013893297233718958,10.776393404755687,-0.2355456474434168,-0.38019043440626632,13.211736547073356,0.21148175074995915,-0.39408373163998511,15.647079689391024,0.447027398193376,-0.013893297233718885
3.5312475563606203,5.9665906986782895,-0.21967089167335113,0.39678888234305576,8.4019338409959587,-0.45346469788499655,0.008153868510426255,10.837276983313629,-0.23379380621164542,-0.38863501383262988,13.272620125631297,0.21967089167335105,-0.39678888234305582,15.707963267948966,0.45346469788499655,-0.0081538685104261092
3.5921311349185618,6.0274742772362311,-0.22792803897279623,0.39927873933990571,8.4628174195539003,-0.45974955094578163,0.0022478976847417013,10.89816056187157,-0.23182151197298534,-0.39703084165516433,13.333503704189239,0.22792803897279618,-0.39927873933990571,15.768846846506907,0.45974955094578163,-0.0022478976847415547
3.6530147134765039,6.0883578557941735,-0.23624753361198919,0.40155159620692032,8.5237009981118419,-0.46587765005137854,-0.0038205675859404732,10.959044140429512,-0.22963011643938955,-0.40537216379286067,13.39438728274718,0.23624753361198916,-0.40155159620692038,15.829730425064849,0.46587765005137821,0.003820567585940327
3.7138982920344454,6.1492414343521151,-0.24462367382487238,0.40360589524153467,8.5845845766697835,-0.471844795308766,-0.010047368278650548,11.019927718987454,-0.22722112148389387,-0.41365326352018505,13.455270861305122,0.24462367382487235,-0.40360589524153467,15.89061400362279,0.47184479530876572,0.010047368278650366
3.774781870592387,6.2101250129100567,-0.25305071902334125,0.40544022852980499,8.645468155227725,-0.47764689713464997,-0.016428236855229119,11.080811297545395,-0.22459617811130889,-0.42186846538503409,13.516154439863064,0.25305071902334136,-0.40544022852980505,15.951497582180732,0.4776468971346497,0.016428236855229046
3.835665449150329,6.2710085914679983,-0.26152289373155735,0.40705333891132245,8.7063517337856666,-0.48327997905826048,-0.022958800187085411,11.141694876103337,-0.22175708532670341,-0.43001213909840802,13.577038018421007,0.26152289373155746,-0.40705333891132256,16.012381160738673,0.48327997905826037,0.022958800187085449
3.8965490277082706,6.3318921700259398,-0.27003439154416997,0.40844412084080828,8.7672353123436082,-0.48874018044662593,-0.029634582552320838,11.202578454661278,-0.21870578890245609,-0.43807870339312927,13.637921596978948,0.27003439154417025,-0.40844412084080833,16.073264739296615,0.48874018044662576,0.029634582552320876
3.9574326062662122,6.3927757485838814,-0.27857937910573743,0.40961162114579908,8.8281188909015498,-0.49402375915045776,-0.036451008703164881,11.26346203321922,-0.21544438004472047,-0.44606262984896411,13.69880517553689,0.27857937910573766,-0.40961162114579919,16.134148317854557,0.49402375915045765,0.036451008703164922
4.0183161848241538,6.453659327141823,-0.28715200010861658,0.41055503967990381,8.8890024694594914,-0.4991270940688331,-0.043403407001621888,11.324345611777161,-0.21197509396021666,-0.4539584466815258,13.759688754094832,0.2871520001086168,-0.41055503967990387,16.195031896412498,0.49912709406883299,0.043403407001621923
4.0791997633820962,6.5145429056997655,-0.29574637930658393,0.41127372987118394,8.9498860480174347,-0.50404668763091598,-0.050487012621178065,11.385229190335103,-0.20830030832433225,-0.4617607424923621,13.820572332652773,0.29574637930658415,-0.41127372987118399,16.255915474970443,0.50404668763091598,0.0504870126211781
4.1400833419400378,6.575426484257707,-0.30435662654143592,0.41176719916528165,9.0107696265753763,-0.50877916819301838,-0.057696970812375833,11.446112768893045,-0.20442254165158244,-0.46946416997765766,13.881455911210715,0.30435662654143569,-0.41176719916528171,16.316799053528385,0.50877916819301827,0.057696970812375875
4.2009669204979794,6.6363100628156486,-0.31297684077980953,0.41203510936299231,9.0716532051333179,-0.51332129234935553,-0.065028340230016371,11.506996347450986,-0.20034445156954625,-0.47706344959300834,13.942339489768656,0.31297684077980931,-0.41203510936299231,16.377682632086326,0.51332129234935542,0.065028340230016413
4.2618504990559209,6.6971936413735902,-0.32160111415745474,0.4120772768520487,9.1325367836912594,-0.51766994715491477,-0.072476096319710914,11.567879926008928,-0.1960688329974602,-0.48455337317175928,14.003223068326598,0.32160111415745468,-0.41207727685204876,16.438566210644268,0.51766994715491477,0.072476096319710956
4.3227340776138625,6.7580772199315318,-0.33022353602819088,0.41189367273296018,9.193420362249201,-0.52182215225891282,-0.080035134761459265,11.628763504566869,-0.191598616230722,-0.49192880749441908,14.064106646884539,0.33022353602819088,-0.41189367273296024,16.49944978920221,0.5218221522589126,0.080035134761459306
4.3836176561718041,6.8189607984894733,-0.3388381970147672,0.41148442283881875,9.2543039408071426,-0.52577506194737822,-0.087700274967895619,11.689647083124811,-0.18693686493261116,-0.49918469780671426,14.124990225442481,0.33883819701476731,-0.41148442283881875,16.560333367760151,0.52577506194737822,0.087700274967895939
4.4445012347297466,6.8798443770474158,-0.34743919305885568,0.41084980764905926,9.3151875193650859,-0.52952596709346333,-0.095466263634805565,11.750530661682754,-0.18208677403460785,-0.50631607128386436,14.185873804000423,0.34743919305885557,-0.41084980764905926,16.621216946318093,0.52952596709346322,0.095466263634805607
4.5053848132876881,6.9407279556053574,-0.35602062946739649,0.40999026209723316,9.3760710979230275,-0.53307229701414249,-0.10332777834147579,11.811414240240696,-0.17705166754674606,-0.51331804043870854,14.246757382558364,0.35602062946739654,-0.40999026209723316,16.682100524876034,0.53307229701414238,0.10332777834147583
4.5662683918456297,7.001611534163299,-0.36457662495252796,0.40890637527292634,9.4369546764809691,-0.53641162123203134,-0.11127943119841803,11.872297818798637,-0.17183499627950335,-0.52018580647134394,14.307640961116306,0.36457662495252802,-0.40890637527292634,16.742984103433976,0.53641162123203112,0.11127943119841807
4.6271519704035713,7.0624951127212405,-0.37310131566232579,0.40759889001802685,9.4978382550389107,-0.53954165114111374,-0.11931577253995805,11.933181397356579,-0.16644033547878784,-0.52691466255798447,14.368524539674247,0.37310131566232552,-0.40759889001802696,16.803867681991917,0.53954165114111341,0.11931577253995754
4.6880355489615129,7.1233786912791821,-0.38158885919959568,0.40606870241761805,9.5587218335968522,-0.54246024157523853,-0.12743129465916403,11.994064975914521,-0.16087138237564294,-0.5334999970767822,14.429408118232189,0.38158885919959529,-0.40606870241761817,16.864751260549859,0.54246024157523842,0.12743129465916406
4.7489191275194544,7.1842622698371237,-0.39003343862595902,0.40431686118584675,9.6196054121547938,-0.54516539227830918,-0.13562043558255593,12.054948554472462,-0.15513195365235016,-0.53993729676840274,14.490291696790131,0.39003343862595885,-0.40431686118584681,16.925634839107801,0.54516539227830918,0.13562043558255599
4.8098027060773969,7.2451458483950661,-0.39842926644849369,0.40234456694718662,9.6804889907127354,-0.54765524927515918,-0.14387758288200106,12.115832133030406,-0.14922598282666558,-0.54622214982918782,14.551175275348074,0.39842926644849391,-0.40234456694718662,16.986518417665742,0.54765524927515907,0.14387758288200109
4.8706862846353385,7.3060294269530077,-0.40677058858619042,0.40015317141359075,9.741372569270677,-0.5499281061421738,-0.15219707752119405,12.176715711588347,-0.14315751755598327,-0.5523502489347849,14.612058853906015,0.40677058858619025,-0.4001531714135908,17.047401996223684,0.54992810614217369,0.15219707752119407
4.9315698631932801,7.3669130055109493,-0.41505168831351485,0.39774417645809507,9.8022561478286185,-0.5519824051767882,-0.16057321773407723,12.237599290146289,-0.13693071686327324,-0.55831739419217241,14.672942432463957,0.41505168831351469,-0.39774417645809512,17.108285574781625,0.55198240517678798,0.16057321773407726
4.9924534417512216,7.4277965840688909,-0.42326689017836372,0.39511923308551006,9.8631397263865601,-0.55381673846505852,-0.16900026293254625,12.29848286870423,-0.13054984828669455,-0.56411949601805633,14.733826011021899,0.42326689017836366,-0.39511923308551017,17.169169153339567,0.55381673846505841,0.16900026293254625
5.0533370203091632,7.4886801626268324,-0.4314105638917376,0.39228014030090463,9.9240233049445017,-0.55542984884657598,-0.17747243764076234,12.359366447262172,-0.12401928495483812,-0.56975257794166689,14.79470958957984,0.4314105638917376,-0.39228014030090463,17.230052731897509,0.55542984884657587,0.1774724376407624
5.1142205988671048,7.549563741184774,-0.43947712818645879,0.38922884387665729,9.9849068835024433,-0.5568206307760617,-0.1859839354533751,12.420250025820113,-0.11734350258960317,-0.57521277933003212,14.855593168137782,0.43947712818645884,-0.38922884387665729,17.29093631045545,0.55682063077606159,0.18598393545337458
5.1751041774250472,7.6104473197427165,-0.44746105464229369,0.38596743501892172,10.045790462060385,-0.5579881310810525,-0.19452892301494198,12.481133604378055,-0.11052707643875913,-0.58049635803386401,14.916476746695725,0.44746105464229369,-0.38596743501892178,17.351819889013392,0.55798813108105239,0.19452892301494201
5.2359877559829888,7.6713308983006581,-0.45535687147485526,0.38249814893441797,10.106674040618326,-0.55893154961515723,-0.2031015440178211,12.542017182935997,-0.10357467814030212,-0.58559969295223924,14.977360325253667,0.45535687147485532,-0.38249814893441797,17.412703467571333,0.55893154961515712,0.20310154401782113
5.2968713345409304,7.7322144768585996,-0.46315916728569156,0.3788233632985335,10.167557619176268,-0.55965023980643736,-0.21169592321578842,12.602900761493938,-0.096491072520745916,-0.59051928651432217,15.038243903811608,0.46315916728569168,-0.3788233632985335,17.473587046129275,0.55965023980643736,0.21169592321578848
5.357754913098872,7.7930980554165412,-0.47086259477098702,0.37494559662578381,10.22844119773421,-0.56014370910053513,-0.2203061704506406,12.66378434005188,-0.089281114329548134,-0.59525176707642447,15.09912748236955,0.47086259477098724,-0.37494559662578369,17.534470624687216,0.56014370910053501,0.2203061704506406
5.4186384916568135,7.8539816339744828,-0.47846187438633819,0.37086750654374728,10.289324776292151,-0.56041161929824568,-0.22892638468901419,12.724667918609821,-0.08194974491190761,-0.59979389123276161,15.160011060927491,0.47846187438633841,-0.37086750654374723,17.595354203245158,0.56041161929824568,0.22892638468901422
5.4795220702147551,7.9148652125324244,-0.48595179796508897,0.36659188797166131,10.350208354850093,-0.56045378678730218,-0.23755065806665956,12.785551497167763,-0.07450198882221308,-0.60414254603832096,15.220894639485433,0.48595179796508936,-0.3665918879716612,17.6562377818031,0.56045378678730207,0.23755065806665959
5.5404056487726976,7.9757487910903668,-0.49332723228774894,0.36212167120492306,10.411091933408036,-0.56027018266821371,-0.24617307993739576,12.846435075725704,-0.066942950380464716,-0.6082947511423189,15.281778218043375,0.49332723228774916,-0.36212167120492289,17.717121360361041,0.5602701826682136,0.24617307993739579
5.6012892273306392,8.0366323696483093,-0.50058312260004412,0.35745991990681225,10.471975511965978,-0.55986093277407212,-0.25478774092397216,12.907318654283646,-0.059277810174028098,-0.61224766083078452,15.342661796601316,0.50058312260004378,-0.35745991990681247,17.778004938918983,0.55986093277407212,0.25478774092397161
5.6621728058885807,8.0975159482062509,-0.50771449607719421,0.35260982900880888,10.532859090523919,-0.55922631758431274,-0.26338873696806048,12.968202232841588,-0.05151182150711895,-0.61599856597686919,15.403545375159258,0.50771449607719399,-0.35260982900880911,17.838888517476924,0.55922631758431263,0.26338873696805992
5.7230563844465223,8.1583995267641924,-0.51471646523203829,0.34757472252094712,10.593742669081861,-0.55836677203248664,-0.27197017337660145,13.029085811399529,-0.043650306800448735,-0.61954489589754846,15.464428953717199,0.51471646523203818,-0.34757472252094729,17.899772096034866,0.55836677203248664,0.2719701733766009
5.7839399630044639,8.219283105322134,-0.52158423126467368,0.34235805125370444,10.654626247639802,-0.5572828852081797,-0.28052616886173293,13.089969389957471,-0.035698653943506513,-0.6228842201154372,15.525312532275141,0.52158423126467357,-0.34235805125370461,17.960655674592807,0.55728288520817981,0.28052616886173237
5.8448235415624055,8.2801666838800756,-0.5283130873513141,0.33696339045298901,10.715509826197744,-0.55597539995328027,-0.28905085957153093,13.150852968515412,-0.027662312601966492,-0.62601425002451971,15.586196110833082,0.5283130873513141,-0.33696339045298906,18.021539253150749,0.55597539995328027,0.28905085957153037
5.9057071201203479,8.3410502624380172,-0.53489842187011183,0.33139443734984414,10.776393404755687,-0.55444521235287147,-0.29753840310880075,13.211736547073356,-0.019546790482759965,-0.62893284045864473,15.647079689391024,0.53489842187011183,-0.3313944373498442,18.082422831708694,0.55444521235287147,0.29753840310880081
5.9665906986782895,8.4019338409959587,-0.54133572156173226,0.32565500862655145,10.837276983313629,-0.55269337112110006,-0.30598298253516432,13.272620125631297,-0.011357649559368053,-0.63163799116171537,15.707963267948966,0.54133572156173237,-0.32565500862655139,18.143306410266636,0.55269337112110006,0.30598298253516432
6.0274742772362311,8.4628174195539003,-0.54762057462251734,0.31974903780086689,10.89816056187157,-0.55072107688243999,-0.31437881035769882,13.333503704189239,-0.0031005022599229297,-0.63412784815856527,15.768846846506907,0.54762057462251734,-0.31974903780086689,18.204189988824577,0.5507210768824401,0.31437881035769827
6.0883578557941727,8.5237009981118419,-0.55374867372811432,0.31368057253018466,10.959044140429512,-0.54852968134884417,-0.32272013249539516,13.39438728274718,0.0052189923792700463,-0.63640070502557999,15.829730425064849,0.55374867372811398,-0.313680572530185,18.265073567382519,0.54852968134884417,0.32272013249539516
6.1492414343521142,8.5845845766697835,-0.55971581898550182,0.30745377183747463,11.019927718987454,-0.54612068639334854,-0.33100123222271949,13.455270861305122,0.013595132592153225,-0.63845500406019429,15.89061400362279,0.55971581898550149,-0.30745377183747491,18.32595714594046,0.54612068639334843,0.3310012322227196
6.2101250129100567,8.645468155227725,-0.56551792081138574,0.30107290326089603,11.080811297545395,-0.54349574302076353,-0.33921643408756852,13.516154439863065,0.022022177790622242,-0.6402893373484646,15.951497582180734,0.56551792081138597,-0.30107290326089581,18.386840724498402,0.54349574302076342,0.33921643408756863
6.2710085914679983,8.7063517337856666,-0.57115100273499619,0.29454233992903978,11.141694876103337,-0.54065665023615805,-0.34736010780094251,13.577038018421007,0.030494352498838348,-0.64190244772998217,16.012381160738677,0.57115100273499653,-0.29454233992903944,18.447724303056344,0.54065665023615805,0.34736010780094251
6.3318921700259398,8.7672353123436082,-0.57661120412336164,0.28786655756380436,11.202578454661278,-0.53760535381191066,-0.35542667209566375,13.637921596978948,0.039005850311451117,-0.64329322965946789,16.073264739296619,0.57661120412336198,-0.28786655756380397,18.508607881614285,0.53760535381191066,0.35542667209566375
6.3927757485838814,8.8281188909015498,-0.58189478282719354,0.28105013141296031,11.26346203321922,-0.53434394495417514,-0.3634105985514986,13.69880517553689,0.04755083787301858,-0.6444607299644588,16.13414831785456,0.58189478282719387,-0.28105013141295987,18.569491460172227,0.53434394495417514,0.3634105985514986
6.453659327141823,8.8890024694594914,-0.58699811774556887,0.27409773311450331,11.324345611777161,-0.53087465886967133,-0.37130641538406023,13.759688754094832,0.056123458875897682,-0.64540414849856353,16.195031896412502,0.58699811774556909,-0.27409773311450286,18.630375038730168,0.53087465886967156,0.37130641538405978
6.5145429056997646,8.9498860480174329,-0.59191771130765169,0.26701412749494707,11.385229190335103,-0.52719987323378692,-0.37910871119489653,13.820572332652773,0.064717838073865053,-0.64612283868984355,16.255915474970443,0.59191771130765169,-0.26701412749494718,18.69125861728811,0.52719987323378714,0.37910871119489609
6.575426484257707,9.0107696265753763,-0.5966501918697541,0.25980416930374933,11.446112768893045,-0.52332210656103717,-0.38681213868019215,13.881455911210715,0.073328085308716595,-0.64661630798394121,16.316799053528385,0.5966501918697541,-0.25980416930374939,18.752142195846051,0.52332210656103739,0.38681213868019165
6.6363100628156486,9.0716532051333179,-0.60119231602609124,0.25247279988610882,11.506996347450986,-0.51924401647900087,-0.39441141829554277,13.942339489768656,0.081948299547090195,-0.64688421818165187,16.377682632086326,0.60119231602609124,-0.25247279988610888,18.813025774403993,0.51924401647900087,0.39441141829554288
6.6971936413735902,9.1325367836912594,-0.60554097083165048,0.24502504379641427,11.567879926008928,-0.51496839790691484,-0.40190134187429372,14.003223068326598,0.09057257292473557,-0.64692638567070837,16.438566210644268,0.60554097083165048,-0.24502504379641435,18.873909352961935,0.51496839790691484,0.40190134187429372
6.7580772199315318,9.193420362249201,-0.60969317593564853,0.23746600535466594,11.628763504566869,-0.51049818114017664,-0.40927677619695357,14.064106646884539,0.09919499479547178,-0.64674278155161979,16.49944978920221,0.60969317593564853,-0.237466005354666,18.934792931519876,0.51049818114017664,0.40927677619695363
6.8189607984894733,9.2543039408071426,-0.61364608562411405,0.22980086514822956,11.689647083124811,-0.50583642984206578,-0.41653266650924869,14.124990225442481,0.10780965578204818,-0.64633353165747831,16.560333367760151,0.61364608562411416,-0.22980086514822934,18.995676510077818,0.50583642984206578,0.41653266650924875
6.8798443770474149,9.3151875193650842,-0.61739699077019883,0.22203487648132014,11.750530661682753,-0.50098633894406253,-0.42366403998639884,14.185873804000423,0.11641065182613648,-0.64569891646771882,16.621216946318093,0.61739699077019905,-0.2220348764813197,19.056560088635759,0.50098633894406241,0.42366403998639895
6.9407279556053574,9.3760710979230275,-0.62094332069087821,0.21417336177464941,11.811414240240696,-0.49595123245620076,-0.43066600914124303,14.246757382558364,0.12499208823467743,-0.64483937091589272,16.682100524876034,0.62094332069087821,-0.21417336177464946,19.117443667193704,0.4959512324562006,0.43066600914124303
7.001611534163299,9.4369546764809691,-0.62428264490876706,0.20622170891770716,11.872297818798637,-0.49073456118895808,-0.43753377517387837,14.307640961116306,0.13354808371980892,-0.64375548409158589,16.742984103433976,0.62428264490876695,-0.20622170891770722,19.178327245751646,0.49073456118895797,0.43753377517387854
7.0624951127212405,9.4978382550389107,-0.62741267481784946,0.19818536757616714,11.933181397356579,-0.48533990038824254,-0.44426263126051896,14.368524539674247,0.14207277442960636,-0.64244799883668657,16.803867681991917,0.62741267481784935,-0.19818536757616775,19.239210824309588,0.48533990038824243,0.44426263126051901
7.1233786912791821,9.5587218335968522,-0.63033126525197425,0.19006984545696118,11.994064975914521,-0.47977094728509762,-0.45084796577931668,14.429408118232189,0.15056031796687622,-0.64091781123627778,16.864751260549859,0.63033126525197425,-0.19006984545696123,19.300094402867529,0.4797709472850975,0.45084796577931674
7.1842622698371237,9.6196054121547938,-0.63303641595504501,0.18188070453356925,12.054948554472462,-0.47403151856180481,-0.45728526547093723,14.490291696790131,0.15900489739323972,-0.63916597000450637,16.925634839107801,0.63303641595504501,-0.18188070453356933,19.360977981425471,0.47403151856180481,0.45728526547093734
7.2451458483950653,9.6804889907127354,-0.63552627295189501,0.17362355723412412,12.115832133030404,-0.4681255477361202,-0.46357011853172225,14.551175275348072,0.16740072521577426,-0.63719367576584629,16.986518417665742,0.63552627295189501,-0.1736235572341242,19.421861559983412,0.4681255477361202,0.46357011853172231
7.3060294269530077,9.741372569270677,-0.63779912981890952,0.16530406259493113,12.176715711588347,-0.46205708246543797,-0.46969821763731934,14.612058853906015,0.17574204735347113,-0.63500228023225036,17.047401996223684,0.63779912981890952,-0.16530406259493122,19.482745138541354,0.46205708246543786,0.46969821763731934
7.3669130055109493,9.8022561478286185,-0.63985342885352392,0.15692792238204797,12.237599290146289,-0.45583028177272794,-0.47566536289470684,14.672942432463957,0.18402314708079553,-0.63259328527675474,17.108285574781625,0.63985342885352392,-0.15692792238204803,19.543628717099295,0.45583028177272822,0.47566536289470646
7.4277965840688909,9.8631397263865601,-0.64168776214179424,0.14850087718357896,12.29848286870423,-0.44944941319614923,-0.48146746472059082,14.733826011021899,0.19223834894564457,-0.62996834190416973,17.169169153339567,0.64168776214179424,-0.14850087718357902,19.604512295657237,0.44944941319614962,0.48146746472059049
7.4886801626268324,9.9240233049445017,-0.6433008725233117,0.14002870247536284,12.359366447262172,-0.44291884986429281,-0.48710054664420138,14.79470958957984,0.20038202265901844,-0.62712924911956425,17.230052731897509,0.6433008725233117,-0.14002870247536292,19.665395874215179,0.4429188498642932,0.4871005466442011
7.549563741184774,9.9849068835024433,-0.64469165445279752,0.13151720466275008,12.420250025820113,-0.43624306749905783,-0.49256074803256661,14.855593168137782,0.20844858695373972,-0.62407795269531685,17.29093631045545,0.64469165445279741,-0.13151720466275071,19.72627945277312,0.43624306749905778,0.49256074803256661
7.6104473197427156,10.045790462060385,-0.64585915475778821,0.1229722171011832,12.481133604378055,-0.42942664134821379,-0.49784432673639845,14.916476746695723,0.21643251340957459,-0.62081654383758134,17.351819889013392,0.64585915475778821,-0.12297221710118326,19.787163031331062,0.42942664134821373,0.49784432673639845
7.6713308983006581,10.106674040618326,-0.64680257329189295,0.11439959609830408,12.542017182935997,-0.42247424304975678,-0.50294766165477367,14.977360325253667,0.22432833024213628,-0.61734725775307753,17.412703467571333,0.64680257329189295,-0.11439959609830416,19.848046609889003,0.42247424304975673,0.50294766165477378
7.7322144768585996,10.167557619176268,-0.64752126348317307,0.10580521690033673,12.602900761493938,-0.41539063743020055,-0.50786725521685661,15.038243903811608,0.23213062605297258,-0.61367247211719311,17.473587046129275,0.64752126348317307,-0.1058052169003368,19.908930188446945,0.41539063743020055,0.50786725521685672
7.7930980554165412,10.22844119773421,-0.64801473277727095,0.097194969665484604,12.66378434005188,-0.40818067923900281,-0.5125997357789589,15.09912748236955,0.23983405353826817,-0.60979470544444336,17.534470624687216,0.64801473277727095,-0.097194969665484673,19.969813767004887,0.40818067923900275,0.51259973577895901
7.8539816339744828,10.289324776292151,-0.6482826429749815,0.088574755427111004,12.724667918609821,-0.40084930982136224,-0.51714185993529604,15.160011060927491,0.24743333315361934,-0.60571661536240684,17.595354203245158,0.6482826429749815,-0.088574755427111074,20.030697345562828,0.40084930982136274,0.51714185993529582
7.9148652125324244,10.350208354850093,-0.64832481046403789,0.079950482049465615,12.785551497167763,-0.39340155373166774,-0.52149051474085539,15.220894639485433,0.25492325673237021,-0.6014409967903207,17.6562377818031,0.64832481046403789,-0.079950482049465685,20.09158092412077,0.39340155373166824,0.52149051474085517
7.9757487910903668,10.411091933408036,-0.64814120634494943,0.071328060178729419,12.846435075725704,-0.38584251528991942,-0.52564271984485333,15.281778218043375,0.26229869105503006,-0.5969707800235825,17.717121360361045,0.64814120634494943,-0.071328060178729488,20.152464502678711,0.38584251528991986,0.52564271984485311
8.0366323696483075,10.471975511965976,-0.64773195645080794,0.062713399192153019,12.907318654283646,-0.37817737508348276,-0.52959562953331896,15.342661796601316,0.26955458136732469,-0.59230902872547198,17.778004938918983,0.64773195645080794,-0.062713399192153685,20.213348081236653,0.37817737508348326,0.52959562953331873
8.0975159482062491,10.532859090523917,-0.64709734126104845,0.054112403148065293,12.968202232841588,-0.37041138641657362,-0.53334653467940363,15.403545375159258,0.27668595484447495,-0.58745893782746872,17.838888517476924,0.64709734126104845,-0.054112403148065369,20.274231659794594,0.37041138641657356,0.53334653467940374
8.1583995267641924,10.593742669081863,-0.64623779570922235,0.045530966739523761,13.029085811399531,-0.36254987170990283,-0.53689286460008301,15.464428953717199,0.28368792399931902,-0.58242383133960685,17.899772096034869,0.64623779570922235,-0.045530966739523837,20.335115238352536,0.36254987170990333,0.5368928646000829
8.219283105322134,10.654626247639804,-0.64515390888491553,0.03697497125439228,13.089969389957473,-0.35459821885296067,-0.54023218881797186,15.525312532275141,0.29055569003195442,-0.57720716007236417,17.960655674592811,0.64515390888491553,-0.03697497125439235,20.395998816910478,0.35459821885296111,0.54023218881797164
8.2801666838800756,10.715509826197746,-0.64384642363001598,0.028450280544594253,13.150852968515414,-0.3465618775114212,-0.54336221872705415,15.586196110833082,0.29728454611859501,-0.57181249927164868,18.021539253150753,0.64384642363001598,-0.028450280544594336,20.456882395468419,0.34656187751142115,0.54336221872705426
8.3410502624380172,10.776393404755687,-0.64231623602960719,0.019962737007324396,13.211736547073356,-0.33844635539221463,-0.54628080916117916,15.647079689391024,0.30386988063739273,-0.5662435461685037,18.082422831708694,0.64231623602960719,-0.019962737007324469,20.517765974026361,0.33844635539221457,0.54628080916117916
8.4019338409959587,10.837276983313629,-0.64056439479783578,0.011518157580960876,13.272620125631297,-0.33025721446882272,-0.54898595986424981,15.707963267948966,0.31030718032901328,-0.560504117445211,18.143306410266636,0.64056439479783589,-0.011518157580960951,20.578649552584302,0.33025721446882322,0.5489859598642497
8.4628174195539003,10.89816056187157,-0.63859210055917581,0.003122329758426373,13.333503704189239,-0.32200006716937757,-0.55147581686109981,15.768846846506907,0.3165920333897983,-0.55459814661952633,18.204189988824577,0.63859210055917592,-0.0031223297584270222,20.639533131142244,0.32200006716937812,0.5514758168610997
8.5237009981118419,10.959044140429512,-0.63640070502557999,-0.0052189923792699362,13.39438728274718,-0.31368057253018461,-0.55374867372811443,15.829730425064849,0.32272013249539494,-0.5485296813488445,18.265073567382519,0.63640070502557999,0.0052189923792698633,20.700416709700185,0.31368057253018511,0.55374867372811432
8.5845845766697835,11.019927718987454,-0.63399171007008426,-0.013500092106594348,13.455270861305122,-0.30530443231730142,-0.55580297276272872,15.89061400362279,0.32868727775278239,-0.54230288065613452,18.32595714594046,0.63399171007008426,0.013500092106594275,20.761300288258127,0.30530443231730198,0.55580297276272872
8.645468155227725,11.080811297545395,-0.63136676669749936,-0.021715293971443356,13.516154439863064,-0.29687738711883244,-0.55763730605099904,15.951497582180732,0.33448937957866648,-0.53592201207955581,18.386840724498402,0.63136676669749936,0.021715293971443284,20.822183866816069,0.29687738711883299,0.55763730605099904
8.7063517337856666,11.141694876103337,-0.62852767391289377,-0.029858967684817272,13.577038018421005,-0.28840521241061634,-0.55925041643251661,16.012381160738673,0.34012246150227704,-0.5293914487476995,18.447724303056344,0.62852767391289388,0.0298589676848172,20.88306744537401,0.2884052124106169,0.5592504164325165
8.7672353123436082,11.202578454661278,-0.62547637748864648,-0.037925531979538525,13.637921596978947,-0.27989371459800411,-0.56064119836200221,16.073264739296615,0.34558266289064254,-0.52271566638246392,18.508607881614285,0.6254763774886466,0.037925531979538456,20.943951023931952,0.27989371459800411,0.56064119836200244
8.8281188909015498,11.26346203321922,-0.62221496863091086,-0.04590945843537339,13.698805175536888,-0.2713487270364367,-0.56180869866699312,16.134148317854557,0.35086624159447438,-0.51589924023162004,18.569491460172227,0.62221496863091097,0.045909458435373321,21.004834602489893,0.27134872703643664,0.56180869866699323
8.8890024694594931,11.324345611777161,-0.61874568254640705,-0.05380527526793507,13.759688754094832,-0.262776106033557,-0.56275211720109797,16.195031896412502,0.35596957651285005,-0.50894684193316242,18.630375038730172,0.61874568254640716,0.053805275267935,21.065718181047838,0.26277610603355755,0.56275211720109797
8.9498860480174347,11.385229190335103,-0.61507089691052264,-0.061607571078771385,13.820572332652773,-0.25418172683558959,-0.56347080739237798,16.255915474970443,0.36088917007493265,-0.50186323631360674,18.691258617288113,0.61507089691052275,0.061607571078771309,21.12660175960578,0.25418172683559015,0.56347080739237809
9.0107696265753763,11.446112768893045,-0.61119313023777289,-0.069310998564066958,13.881455911210715,-0.24557147960073808,-0.56396427668647575,16.316799053528385,0.36562165063703506,-0.494653278122409,18.752142195846055,0.61119313023777289,0.069310998564066889,21.187485338163722,0.24557147960073802,0.56396427668647586
9.0716532051333179,11.506996347450986,-0.6071150401557367,-0.076910278179417618,13.942339489768656,-0.23695126536236449,-0.56423218688418642,16.377682632086326,0.37016377479337209,-0.48732190870476844,18.813025774403997,0.60711504015573636,0.076910278179418048,21.248368916721663,0.23695126536236447,0.56423218688418642
9.1325367836912594,11.567879926008928,-0.60283942158365067,-0.084400201758168536,14.003223068326598,-0.22832699198471909,-0.5642743543732428,16.438566210644268,0.37451242959893144,-0.47987415261507393,18.873909352961938,0.60283942158365045,0.08440020175816898,21.309252495279605,0.22832699198471904,0.5642743543732428
9.193420362249201,11.628763504566869,-0.59836920481691247,-0.091775636080828366,14.064106646884539,-0.21970457011398289,-0.56409075025415434,16.49944978920221,0.37866463470292938,-0.47231511417332561,18.93479293151988,0.59836920481691214,0.09177563608082881,21.370136073837546,0.21970457011398284,0.56409075025415434
9.2543039408071426,11.689647083124811,-0.59370745351880161,-0.099031526393123515,14.124990225442481,-0.21108990912740649,-0.56368150036001285,16.560333367760151,0.382617544391395,-0.46464997396688895,18.995676510077821,0.59370745351880128,0.099031526393123917,21.431019652395488,0.21108990912740647,0.56368150036001285
9.3151875193650842,11.750530661682753,-0.58885736262079824,-0.10616289987027372,14.185873804000423,-0.20248891308331821,-0.56304688517025336,16.621216946318093,0.3863684495374799,-0.45688398529997931,19.056560088635763,0.58885736262079835,0.10616289987027364,21.491903230953429,0.20248891308331871,0.56304688517025336
9.3760710979230257,11.811414240240694,-0.58382225613293648,-0.11316486902511784,14.246757382558364,-0.19390747667477723,-0.56218733961842726,16.682100524876034,0.38991477945815917,-0.44902247059330902,19.117443667193704,0.58382225613293648,0.11316486902511777,21.552786809511371,0.19390747667477778,0.56218733961842737
9.4369546764809673,11.872297818798636,-0.5786055848656938,-0.12003263505775323,14.307640961116306,-0.18535148118964578,-0.56110345279412044,16.742984103433976,0.39325410367604791,-0.4410708177363668,19.178327245751646,0.5786055848656938,0.12003263505775319,21.613670388069313,0.18535148118964628,0.56110345279412055
9.4978382550389089,11.933181397356577,-0.57321092406497831,-0.12676149114439378,14.368524539674247,-0.17682679047984828,-0.55979596753922101,16.803867681991917,0.39638413358513014,-0.43303447639482734,19.239210824309588,0.57321092406497831,0.1267614911443937,21.674553966627254,0.17682679047984828,0.55979596753922112
9.5587218335968505,11.994064975914519,-0.56764197096183378,-0.13334682566319109,14.429408118232189,-0.16833924694257846,-0.55826577993881221,16.864751260549859,0.3993027240192551,-0.42491895427562076,19.300094402867529,0.56764197096183344,0.13334682566319145,21.735437545185196,0.1683392469425784,0.55826577993881221
9.6196054121547938,12.054948554472464,-0.56190254223854053,-0.13978412535481205,14.490291696790132,-0.15989466751621434,-0.55651393870704069,16.925634839107801,0.40200787472232591,-0.41672981335222886,19.360977981425471,0.56190254223854064,0.13978412535481202,21.796321123743141,0.15989466751621431,0.55651393870704091
9.6804889907127354,12.115832133030406,-0.55599657141285597,-0.1460689784155971,14.551175275348074,-0.15149883969367986,-0.55454164446838061,16.986518417665742,0.4044977317191758,-0.40847266605278376,19.421861559983412,0.55599657141285608,0.14606897841559704,21.857204702301082,0.15149883969367983,0.55454164446838072
9.741372569270677,12.176715711588347,-0.54992810614217369,-0.15219707752119416,14.612058853906015,-0.14315751755598355,-0.5523502489347849,17.047401996223684,0.40677058858619042,-0.4001531714135908,19.482745138541354,0.5499281061421738,0.15219707752119407,21.918088280859024,0.14315751755598349,0.5523502489347849
9.8022561478286185,12.237599290146289,-0.54370130544946371,-0.15816422277858161,14.672942432463957,-0.13487641782865914,-0.54994125397928917,17.108285574781625,0.40882488762080477,-0.39177703120070761,19.543628717099295,0.54370130544946416,0.15816422277858116,21.978971859416966,0.13487641782865908,0.54994125397928917
9.8631397263865601,12.29848286870423,-0.537320436872885,-0.16396632460446564,14.733826011021899,-0.12666121596381011,-0.54731631060670416,17.169169153339567,0.41065922090907514,-0.38334998600223863,19.604512295657237,0.53732043687288555,0.1639663246044652,22.039855437974907,0.12666121596381008,0.54731631060670427
9.9240233049445017,12.359366447262172,-0.53078987354102858,-0.16959940652807629,14.79470958957984,-0.1185175422504362,-0.54447721782209868,17.230052731897509,0.41227233129059254,-0.37487781129402248,19.665395874215179,0.53078987354102902,0.16959940652807584,22.100739016532849,0.11851754225043616,0.54447721782209879
9.9849068835024433,12.420250025820113,-0.52411409117579355,-0.17505960791644137,14.855593168137782,-0.11045097795571494,-0.5414259213978514,17.29093631045545,0.41366311322007837,-0.3663663134814103,19.72627945277312,0.52411409117579366,0.17505960791644132,22.16162259509079,0.11045097795571492,0.54142592139785151
10.045790462060385,12.481133604378055,-0.51729766502494956,-0.18034318662027324,14.916476746695723,-0.10246705149988009,-0.53816451254011577,17.351819889013392,0.41483061352506917,-0.35782132591984278,19.787163031331062,0.51729766502494956,0.18034318662027318,22.222506173648732,0.10246705149988004,0.53816451254011588
10.106674040618326,12.542017182935997,-0.51034526672649261,-0.18544652153864855,14.977360325253665,-0.094571234667318399,-0.53469522645561196,17.412703467571333,0.4157740320591739,-0.34924870491696375,19.848046609889003,0.51034526672649261,0.18544652153864846,22.283389752206674,0.094571234667318371,0.53469522645561207
10.167557619176268,12.602900761493938,-0.50326166110693638,-0.19036611510073143,15.038243903811606,-0.086768938856482097,-0.53102044081972755,17.473587046129275,0.41649272225045397,-0.34065432571899634,19.908930188446945,0.50326166110693638,0.19036611510073143,22.344273330764615,0.086768938856482056,0.53102044081972766
10.22844119773421,12.66378434005188,-0.49605170291573858,-0.1950985956628338,15.099127482369548,-0.079065511371187044,-0.52714267414697802,17.534470624687216,0.4169861915445518,-0.33204407848414424,19.969813767004887,0.49605170291573863,0.19509859566283372,22.405156909322557,0.079065511371186475,0.5271426741469778
10.289324776292153,12.724667918609821,-0.48872033349809801,-0.19964071981917089,15.160011060927491,-0.071466231755835344,-0.52306458406494127,17.595354203245162,0.41725410174226246,-0.32342386424577008,20.030697345562828,0.48872033349809857,0.19964071981917053,22.466040487880498,0.07146623175583583,0.52306458406494161
10.350208354850094,12.785551497167763,-0.48127257740840351,-0.20398937462473021,15.220894639485433,-0.06397630817708444,-0.51878896549285514,17.656237781803103,0.41729626923131879,-0.3147995908681247,20.09158092412077,0.48127257740840401,0.20398937462472994,22.52692406643844,0.063976308177084884,0.51878896549285558
10.411091933408036,12.846435075725704,-0.47371353896665519,-0.20814157972872818,15.281778218043375,-0.05660087385442461,-0.51431874872611694,17.717121360361045,0.41711266511223027,-0.30617716899738906,20.152464502678711,0.47371353896665569,0.20814157972872788,22.587807644996381,0.056600873854425054,0.51431874872611727
10.471975511965978,12.907318654283646,-0.46604839876021853,-0.21209448941719375,15.342661796601316,-0.049344983542129975,-0.50965699742800641,17.778004938918986,0.41670341521808885,-0.29756250801081269,20.213348081236653,0.46604839876021908,0.21209448941719347,22.648691223554323,0.049344983542129899,0.50965699742800663
10.532859090523919,12.968202232841588,-0.45828241009330939,-0.21584539456327856,15.403545375159258,-0.042213610064979742,-0.50480690653000315,17.838888517476928,0.41606880002832936,-0.28896151196672437,20.274231659794594,0.45828241009330944,0.21584539456327848,22.709574802112265,0.042213610064979708,0.50480690653000326
10.593742669081861,13.029085811399529,-0.45042089538663921,-0.21939172448395769,15.464428953717199,-0.035211640910135657,-0.49977180004214133,17.899772096034869,0.41520925447650325,-0.28038007555818345,20.335115238352536,0.45042089538663921,0.21939172448395763,22.770458380670206,0.035211640910135615,0.49977180004214145
10.654626247639802,13.089969389957471,-0.44246924252969694,-0.22273104870184646,15.525312532275141,-0.028343874877500223,-0.49455512877489866,17.960655674592811,0.41412536765219643,-0.27182408007305192,20.395998816910478,0.44246924252969699,0.2227310487018464,22.831341959228148,0.028343874877500185,0.49455512877489871
10.715509826197744,13.150852968515412,-0.43443290118815697,-0.22586107861092894,15.586196110833082,-0.021615018790859676,-0.48916046797418311,18.021539253150753,0.41281788239729689,-0.26329938936325392,20.456882395468419,0.43443290118815697,0.22586107861092894,22.892225537786089,0.021615018790859641,0.48916046797418322
10.776393404755686,13.211736547073354,-0.4263173790689504,-0.22877966904505395,15.647079689391024,-0.01502968427206196,-0.48359151487103819,18.082422831708694,0.41128769479688815,-0.25481184582598404,20.517765974026361,0.4263173790689504,0.22877966904505387,22.953109116344031,0.015029684272062362,0.48359151487103874
10.837276983313627,13.272620125631295,-0.4181282381455585,-0.23148481974812468,15.707963267948966,-0.0085923845804413961,-0.47785208614774544,18.143306410266636,0.40953585356511679,-0.24636726639962053,20.578649552584302,0.41812823814555911,0.23148481974812446,23.013992694901972,0.0085923845804417986,0.47785208614774594
10.898160561871569,13.333503704189237,-0.40987109084611334,-0.23397467674497457,15.768846846506907,-0.0023075315196563828,-0.47194611532206088,18.204189988824577,0.40756355932645677,-0.23797143857708661,20.639533131142244,0.40987109084611401,0.23397467674497444,23.074876273459914,0.0023075315196567484,0.47194611532206138
10.95904414042951,13.394387282747179,-0.40155159620692038,-0.23624753361198925,15.829730425064849,0.0038205675859402538,-0.46587765005137899,18.265073567382519,0.4053721637928609,-0.22963011643938974,20.700416709700185,0.40155159620692099,0.23624753361198902,23.135759852017856,-0.0038205675859402902,0.4658776500513791
11.019927718987454,13.455270861305124,-0.39317545599403719,-0.23830183264660354,15.890614003622792,0.0097877128433281474,-0.45965084935866851,18.32595714594046,0.40296316883736516,-0.22134901671206528,20.761300288258131,0.3931754559940373,0.23830183264660354,23.196643430575797,-0.0097877128433277814,0.45965084935866907
11.080811297545395,13.516154439863065,-0.38474841079556821,-0.24013616593487391,15.951497582180734,0.015589814669212191,-0.4532699807820898,18.386840724498402,0.40033822546478021,-0.2131338148472163,20.822183866816072,0.38474841079556826,0.24013616593487386,23.257527009133739,-0.015589814669211862,0.45326998078209041
11.141694876103337,13.577038018421007,-0.37627623608735206,-0.2417492763163914,16.012381160738677,0.021222896592822796,-0.44673941745023349,18.447724303056344,0.39749913268017478,-0.20499014113384237,20.883067445374014,0.37627623608735211,0.24174927631639131,23.31841058769168,-0.021222896592822466,0.44673941745023399
11.202578454661278,13.637921596978948,-0.36776473827473932,-0.2431400582458772,16.073264739296619,0.026683097981188238,-0.44006363508499796,18.508607881614285,0.39444783625592744,-0.19692357683912115,20.943951023931955,0.36776473827473932,0.2431400582458772,23.379294166249622,-0.026683097981187943,0.44006363508499857
11.26346203321922,13.69880517553689,-0.35921975071317186,-0.24430755855086803,16.13414831785456,0.031966676685020096,-0.43324720893415392,18.569491460172227,0.39118642739819187,-0.18893965038328628,21.004834602489897,0.35921975071317247,0.24430755855086789,23.440177744807563,-0.031966676685019443,0.43324720893415503
11.324345611777161,13.759688754094832,-0.35064712971029277,-0.24525097708497273,16.195031896412502,0.037070011603395361,-0.42629481063569696,18.630375038730168,0.38771714131368817,-0.18104383355072512,21.065718181047838,0.35064712971029333,0.24525097708497259,23.501061323365505,-0.037070011603394737,0.42629481063569796
11.385229190335103,13.820572332652773,-0.34205275051232542,-0.24596966727625283,16.255915474970443,0.041989605165477992,-0.41921120501614123,18.69125861728811,0.38404235567780387,-0.17324153773988876,21.12660175960578,0.34205275051232603,0.24596966727625277,23.561944901923447,-0.0419896051654777,0.41921120501614184
11.446112768893045,13.881455911210715,-0.33344250327747382,-0.2464631365703506,16.316799053528385,0.046722085727580326,-0.41200124682494343,18.752142195846051,0.38016458900505401,-0.16553811025459325,21.187485338163722,0.33344250327747393,0.24646313657035052,23.622828480481388,-0.046722085727580069,0.41200124682494405
11.506996347450986,13.942339489768656,-0.32482228903910026,-0.24673104676806118,16.377682632086326,0.051264209883917451,-0.40466987740730287,18.813025774403993,0.3760864989230176,-0.15793883063924202,21.248368916721663,0.32482228903910032,0.24673104676806118,23.68371205903933,-0.051264209883917194,0.40466987740730348
11.567879926008928,14.003223068326598,-0.31619801566145483,-0.24677321425711762,16.438566210644268,0.055612864689476779,-0.39722212131760842,18.873909352961935,0.37181088035093157,-0.1504489070604911,21.309252495279605,0.31619801566145489,0.24677321425711754,23.744595637597271,-0.055612864689476557,0.39722212131760898
11.628763504566869,14.064106646884539,-0.30757559379071864,-0.2465896101380291,16.49944978920221,0.059765069793474741,-0.38966308287586005,18.934792931519876,0.36734066358419326,-0.14307347273783128,21.370136073837546,0.30757559379071869,0.24658961013802905,23.805479216155213,-0.059765069793474519,0.38966308287586066
11.689647083124811,14.124990225442481,-0.29896093280414227,-0.24618036024388759,16.560333367760151,0.063717979481940315,-0.38199794266942338,18.995676510077818,0.36267891228608257,-0.13581758242553613,21.431019652395488,0.29896093280414232,0.24618036024388759,23.866362794713154,-0.063717979481940093,0.38199794266942405
11.750530661682754,14.185873804000423,-0.29035993676005395,-0.24554574505412813,16.621216946318093,0.067468884628025291,-0.37423195400251374,19.056560088635763,0.3578288213880792,-0.12868620894838592,21.491903230953433,0.290359936760054,0.24554574505412813,23.9272463732711,-0.067468884628025111,0.37423195400251436
11.811414240240696,14.246757382558364,-0.28177850035151303,-0.244686199502302,16.682100524876034,0.07101521454870445,-0.36637043929584351,19.117443667193704,0.35279371490021738,-0.12168423979354182,21.552786809511375,0.28177850035151303,0.244686199502302,23.988129951829041,-0.071015214548704256,0.36637043929584417
11.872297818798637,14.307640961116306,-0.27322250486638155,-0.2436023126779952,16.742984103433976,0.074354538766593203,-0.35841878643890124,19.178327245751646,0.34757704363297465,-0.11481647376090638,21.613670388069316,0.27322250486638155,0.2436023126779952,24.049013530386983,-0.074354538766593065,0.3584187864389019
11.933181397356579,14.368524539674247,-0.26469781415658405,-0.2422948274230958,16.803867681991917,0.077484568675675505,-0.35038244509736177,19.239210824309588,0.34218238283225916,-0.10808761767426586,21.674553966627258,0.26469781415658356,0.24229482742309566,24.109897108944924,-0.077484568675675533,0.35038244509736194
11.994064975914521,14.429408118232189,-0.25621027061931423,-0.24076463982268703,16.864751260549859,0.080403159109800476,-0.34226692297815525,19.300094402867529,0.33661342972911429,-0.10150228315546811,21.735437545185199,0.25621027061931367,0.24076463982268689,24.170780687502866,-0.080403159109800504,0.34226692297815536
12.054948554472462,14.490291696790131,-0.24776569119295069,-0.23901279859091565,16.925634839107801,0.08310830981287122,-0.33407778205476329,19.360977981425471,0.33087400100582154,-0.095064983463847549,21.796321123743141,0.24776569119295014,0.23901279859091551,24.231664266060807,-0.083108309812871289,0.33407778205476346
12.115832133030404,14.551175275348072,-0.23936986337041619,-0.2370405043522556,16.986518417665742,0.085598166809721141,-0.32582063475531819,19.421861559983412,0.32496803018013692,-0.08878013040306254,21.857204702301082,0.23936986337041566,0.23704050435225546,24.292547844618749,-0.08559816680972121,0.32582063475531836
12.176715711588345,14.612058853906014,-0.23102854123271929,-0.23484910881865967,17.047401996223684,0.087871023676735729,-0.31750114011612529,19.482745138541354,0.31889956490945465,-0.082652031297465497,21.918088280859024,0.23102854123271935,0.23484910881865967,24.353431423176691,-0.087871023676735799,0.31750114011612535
12.237599290146287,14.672942432463955,-0.22274744150539488,-0.23244011386316399,17.108285574781625,0.089925322711350106,-0.3091249999032421,19.543628717099295,0.312672764216745,-0.076684886040078407,21.978971859416966,0.22274744150539494,0.23244011386316391,24.414315001734632,-0.089925322711350023,0.30912499990324277
12.298482868704228,14.733826011021897,-0.21453223964054591,-0.22981517049057901,17.169169153339567,0.091759655999620451,-0.30069795470477306,19.604512295657237,0.30629189564016635,-0.070882784214194361,22.039855437974907,0.21453223964054591,0.22981517049057901,24.475198580292574,-0.091759655999620368,0.30069795470477373
12.35936644726217,14.794709589579838,-0.20638856592717195,-0.22697607770597347,17.230052731897509,0.093372766381137923,-0.29222577999655697,19.665395874215179,0.29976133230830992,-0.065249702290583758,22.100739016532849,0.20638856592717203,0.22697607770597347,24.536082158850515,-0.093372766381137895,0.29222577999655763
12.420250025820113,14.855593168137784,-0.1983220016324507,-0.22392478128172616,17.29093631045545,0.094763548310623655,-0.28371428218394473,19.72627945277312,0.29308554994307451,-0.059789500902218282,22.16162259509079,0.19832200163245076,0.22392478128172616,24.59696573740846,-0.094763548310623807,0.28371428218394429
12.481133604378055,14.916476746695725,-0.19033807517661586,-0.22066337242399062,17.351819889013392,0.095931048615614481,-0.27516929462237733,19.787163031331062,0.28626912379223046,-0.054505922198386424,22.222506173648732,0.19033807517661588,0.22066337242399056,24.657849315966402,-0.095931048615614634,0.27516929462237683
12.542017182935997,14.977360325253667,-0.18244225834405417,-0.21719408633948681,17.412703467571333,0.096874467149719201,-0.26659667361949818,19.848046609889003,0.27931672549377345,-0.049402587280011123,22.283389752206674,0.1824422583440542,0.21719408633948675,24.718732894524344,-0.096874467149719312,0.26659667361949774
12.602900761493938,15.038243903811608,-0.17463996253321787,-0.21351930070360237,17.473587046129275,0.097593157340999326,-0.25800229442153089,19.908930188446945,0.27223311987421728,-0.04448299371792816,22.344273330764615,0.1746399625332179,0.21351930070360237,24.779616473082285,-0.097593157340999437,0.25800229442153039
12.66378434005188,15.09912748236955,-0.1669365350479223,-0.20964153403085256,17.534470624687216,0.09808662663509711,-0.24939204718667873,19.969813767004887,0.26502316168301948,-0.039750513155825867,22.405156909322557,0.1669365350479223,0.20964153403085256,24.840500051640227,-0.098086626635097179,0.24939204718667884
12.724667918609821,15.160011060927491,-0.15933725543257113,-0.20556344394881609,17.595354203245158,0.098354536832807746,-0.24077183294830512,20.030697345562828,0.25769179226537947,-0.035208388999489033,22.466040487880498,0.15933725543257166,0.20556344394881637,24.901383630198168,-0.098354536832807815,0.24077183294830523
12.785551497167763,15.220894639485433,-0.15184733185382021,-0.20128782537673004,17.6562377818031,0.098396704321864148,-0.23214755957065975,20.09158092412077,0.25024403617568491,-0.030859734193929667,22.52692406643844,0.15184733185382071,0.20128782537673032,24.96226720875611,-0.098396704321864217,0.23214755957065986
12.846435075725704,15.281778218043375,-0.14447189753116038,-0.19681760860999176,17.717121360361041,0.098213100202775641,-0.22352513769992355,20.152464502678711,0.24268499773393659,-0.026707529089931709,22.587807644996381,0.14447189753116088,0.19681760860999206,25.023150787314052,-0.098213100202775711,0.22352513769992366
12.907318654283646,15.342661796601316,-0.13721600721886573,-0.19215585731188131,17.778004938918983,0.097803850308634199,-0.2149104767133477,20.213348081236653,0.23501985752749996,-0.022754619401466093,22.648691223554323,0.13721600721886573,0.19215585731188126,25.084034365871993,-0.097803850308634227,0.21491047671334723
12.968202232841588,15.403545375159258,-0.1300846337417155,-0.18730576641387797,17.838888517476924,0.097169235118874722,-0.20630948066925942,20.274231659794594,0.22725386886059029,-0.019003714255381117,22.709574802112265,0.13008463374171556,0.18730576641387797,25.144917944429935,-0.097169235118874764,0.20630948066925894
13.029085811399529,15.464428953717199,-0.12308266458687142,-0.18227065992601615,17.899772096034866,0.096309689567048648,-0.19772804426071844,20.335115238352536,0.21939235415392011,-0.015457384334701965,22.770458380670206,0.12308266458687145,0.18227065992601615,25.205801522987876,-0.096309689567048648,0.19772804426071799
13.089969389957471,15.525312532275141,-0.11621489855423599,-0.17705398865877345,17.960655674592807,0.095225802742741839,-0.18917204877558697,20.395998816910478,0.21144070129697787,-0.012118060116813167,22.831341959228148,0.11621489855423603,0.17705398865877345,25.266685101545818,-0.095225802742741839,0.18917204877558649
13.150852968515414,15.586196110833082,-0.10948604246759544,-0.17165932785805793,18.021539253150753,0.093918317487842254,-0.18064735806578835,20.456882395468423,0.20340435995543729,-0.008988030207730471,22.892225537786089,0.10948604246759548,0.17165932785805793,25.327568680103759,-0.093918317487842434,0.18064735806578905
13.211736547073356,15.647079689391024,-0.10290070794879773,-0.16609037475491306,18.082422831708694,0.092388129887433459,-0.17215981452851853,20.517765974026364,0.19528883783623133,-0.0060694397736056832,22.953109116344031,0.1029007079487982,0.16609037475491342,25.388452258661701,-0.09238812988743364,0.17215981452851922
13.272620125631297,15.707963267948966,-0.096463408257177155,-0.16035094603162026,18.143306410266636,0.090636288655662103,-0.16371523510215499,20.578649552584306,0.18709969691283942,-0.0033642890705349415,23.013992694901972,0.096463408257177641,0.16035094603162067,25.449335837219643,-0.090636288655662298,0.16371523510215569
13.333503704189239,15.768846846506907,-0.090178555196392146,-0.1544449752059357,18.204189988824577,0.088663994417002123,-0.15531940727962107,20.639533131142247,0.17884254961339432,-0.00087443207368501953,23.074876273459914,0.09017855519639259,0.15444497520593606,25.510219415777584,-0.088663994417002234,0.15531940727962118
13.39438728274718,15.829730425064849,-0.084050456090795506,-0.14837650993525381,18.265073567382519,0.086472598883406235,-0.14697808514192418,20.700416709700189,0.17052305497420131,0.0013984247933295727,23.135759852017856,0.084050456090795547,0.14837650993525381,25.571102994335526,-0.086472598883406304,0.14697808514192429
13.455270861305122,15.89061400362279,-0.078083310833408012,-0.14214970924254378,18.32595714594046,0.084063603927910499,-0.13869698541459977,20.761300288258131,0.16214691476131812,0.0034527238279439456,23.196643430575797,0.078083310833408054,0.14214970924254378,25.631986572893467,-0.08406360392791061,0.13869698541459988
13.516154439863064,15.951497582180732,-0.07228120900752398,-0.13576884066596509,18.386840724498402,0.081438660555325559,-0.13048178354975076,20.822183866816072,0.15371986956284911,0.0052870571162142556,23.257527009133739,0.07228120900752398,0.13576884066596509,25.692870151451409,-0.081438660555325643,0.13048178354975087
13.577038018421005,16.012381160738673,-0.066648127083913336,-0.1292382773341087,18.447724303056344,0.07859956777072008,-0.12233810983637684,20.883067445374014,0.14524769485463301,0.0069001674977317712,23.31841058769168,0.066648127083913364,0.1292382773341087,25.75375373000935,-0.07859956777072015,0.12233810983637695
13.637921596978947,16.073264739296615,-0.061187925695547894,-0.12256249496887327,18.508607881614285,0.075548271346472767,-0.11427154554165558,20.943951023931955,0.13673619704202022,0.0082909494272176126,23.379294166249622,0.061187925695547894,0.12256249496887327,25.814637308567292,-0.075548271346472837,0.11427154554165569
13.698805175536888,16.134148317854557,-0.055904346991716029,-0.11574606881802924,18.569491460172227,0.072286862488737155,-0.10628761908582073,21.004834602489897,0.12819120948045334,0.0094584497322083277,23.440177744807563,0.055904346991716397,0.11574606881802971,25.875520887125234,-0.072286862488737447,0.10628761908582136
13.75968875409483,16.195031896412498,-0.050801012073340736,-0.10879367051957223,18.630375038730168,0.068817576404233555,-0.098391802253259567,21.065718181047838,0.11961858847757426,0.010401868266313041,23.501061323365505,0.050801012073341097,0.1087936705195727,25.936404465683175,-0.068817576404233666,0.098391802253259678
13.820572332652773,16.255915474970443,-0.045881418511257772,-0.10171006490001605,18.691258617288113,0.065142790768348932,-0.090589506442422724,21.12660175960578,0.11102420927960689,0.011120558457593171,23.56194490192345,0.045881418511257807,0.10171006490001605,25.997288044241117,-0.065142790768349265,0.090589506442423348
13.881455911210715,16.316799053528385,-0.041148937949155438,-0.094500106708818282,18.752142195846055,0.061265024095599099,-0.082886078957127157,21.187485338163722,0.10241396204475475,0.011614027751690958,23.622828480481392,0.041148937949155473,0.094500106708818282,26.058171622799058,-0.06126502409559946,0.082886078957127796
13.942339489768656,16.377682632086326,-0.036606813792818313,-0.087168737291177745,18.813025774403997,0.057186934013562646,-0.075286799341775984,21.248368916721663,0.093793747806381153,0.011881937949401589,23.683712059039333,0.036606813792818348,0.087168737291177745,26.119055201357,-0.057186934013563007,0.075286799341776608
14.003223068326598,16.438566210644268,-0.032258158987258985,-0.079720981201483201,18.873909352961938,0.052911315441476599,-0.067796875763025052,21.309252495279605,0.085169474428735778,0.011924105438457995,23.744595637597275,0.03225815898725902,0.079720981201483201,26.179938779914941,-0.05291131544147696,0.067796875763025677
14.064106646884539,16.49944978920221,-0.028105953883261026,-0.072161942759734837,18.93479293151988,0.048441098674738357,-0.06042144144036523,21.370136073837546,0.076547052557999568,0.011740501319369481,23.805479216155216,0.028105953883261064,0.072161942759734823,26.240822358472883,-0.04844109867473876,0.060421441440365854
14.124990225442481,16.560333367760151,-0.024153044194795446,-0.064496802553298219,18.995676510077821,0.043779347376627524,-0.053165551128070115,21.431019652395488,0.067932391571423181,0.011331251425228004,23.866362794713158,0.024153044194795737,0.064496802553298746,26.301705937030825,-0.043779347376627961,0.053165551128070705
14.185873804000423,16.621216946318093,-0.020402139048710473,-0.056730813886388544,19.056560088635763,0.038929256478624524,-0.046034177650920396,21.491903230953429,0.059331395527335448,0.010696636235468565,23.9272463732711,0.020402139048710726,0.056730813886389071,26.362589515588766,-0.038929256478624961,0.046034177650920979
14.246757382558364,16.682100524876034,-0.016855809128031318,-0.048869299179718322,19.117443667193704,0.033894149990762706,-0.039032208496076276,21.552786809511371,0.050749959118794506,0.0098370906836424896,23.988129951829041,0.016855809128031574,0.048869299179718856,26.423473094146708,-0.03389414999076315,0.039032208496076859
14.307640961116306,16.742984103433976,-0.013516484910142556,-0.040917646322776086,19.178327245751646,0.028677478723520045,-0.032164442463440843,21.613670388069313,0.042193963633663012,0.0087532038593356801,24.049013530386983,0.013516484910142776,0.040917646322776634,26.484356672704649,-0.028677478723520482,0.032164442463441426
14.368524539674247,16.803867681991917,-0.010386455001060262,-0.032881304981236613,19.239210824309588,0.023282817922804493,-0.025435586376800334,21.674553966627254,0.033669272923864992,0.0074457186044362047,24.109897108944924,0.0103864550010603,0.032881304981236613,26.545240251262591,-0.023282817922804969,0.025435586376800882
14.429408118232189,16.864751260549859,-0.0074678645669352924,-0.024765782862030083,19.300094402867529,0.017713864819659614,-0.018850251858002581,21.735437545185196,0.025181729386595127,0.005915531004027412,24.170780687502866,0.0074678645669353288,0.024765782862030083,26.606123829820532,-0.017713864819660089,0.018850251858003129
14.490291696790131,16.925634839107801,-0.0047627138638645511,-0.016576641938638174,19.360977981425471,0.011974436096366838,-0.012412952166382017,21.796321123743137,0.016737149960231609,0.0041636897722560646,24.231664266060807,0.0047627138638645511,0.016576641938638174,26.667007408378474,-0.011974436096367313,0.012412952166382565
14.551175275348074,16.986518417665742,-0.0022728568670146287,-0.0083194946391930494,19.421861559983412,0.0060684652706822478,-0.0061280991055970022,21.857204702301082,0.0083413221376965382,0.0021913955335958637,24.292547844618753,0.0022728568670144825,0.0083194946391924995,26.727890986936419,-0.0060684652706823571,0.0061280991055971124
14.612058853906015,17.047401996223684,-3.6574779071543623e-17,-7.3149558143087246e-17,19.482745138541354,-3.6574779071543623e-17,3.6574779071543623e-17,21.918088280859024,2.1944867442926174e-16,7.3149558143087246e-17,24.353431423176694,3.6574779071543623e-17,7.3149558143087246e-17,26.788774565494361,-4.7547212793006707e-16,4.7547212793006707e-16
