z,x1,y1,x2,y2,x3,y3
0.0,-0.0,-0.0,-0.0,-0.0,-0.0,-0.0
0.03653014713476504,0.0041971468662796866,0.001190532708825947,0.004976250724543888,0.0014193873791310489,0.005424848528255231,0.0015602076107522425
0.07306029426953008,0.008378729480199716,0.0024346294859568227,0.009929592773432817,0.0029167632011171843,0.010817257236107344,0.0032290867767324964
0.10959044140429511,0.012544064286394313,0.003732086961256004,0.014858803983634735,0.004491758010879981,0.016175049434399576,0.005005963841439287
0.14612058853906015,0.016692470385495897,0.00508269304181486,0.019762668146040833,0.006143983202017344,0.021496062407207753,0.006890121554150529
0.1826507356738252,0.020823269645440522,0.006486226946623276,0.024639975305547193,0.007873031112686115,0.02677814828483795,0.008880799359447451
0.21918088280859022,0.02493578681232078,0.007942459242660216,0.029489522059592873,0.00967847512618667,0.032019174910831366,0.010977193704218999
0.25571102994335526,0.02902934962076828,0.009451151882398777,0.03431011185508165,0.011559869776224033,0.037217026702626506,0.013178458362022425
0.2922411770781203,0.03310328890384759,0.01101205824271935,0.03910055528361356,0.013516750856820319,0.04236960550553092,0.01548370477466951
0.32877132421288535,0.03715693870244369,0.012624923165224544,0.04385967037495349,0.015548635536850227,0.04747483143965846,0.017892002410900075
0.3653014713476504,0.04118963637412502,0.0142894829979496,0.04858628288866486,0.017655022479172812,0.05253064373948934,0.020402379141998602
0.40183161848241544,0.045200722701464476,0.016005465638460937,0.053279226603835744,0.019835391964328524,0.05753500158571484,0.02301382163420162
0.43836176561718043,0.04918954199980028,0.017772590578336342,0.057937343606826404,0.022089206018772463,0.062485884929030344,0.025725275757738118
0.4748919127519455,0.05315544222441965,0.019590568949019,0.06255948457696728,0.02441590854761132,0.06738129530554457,0.02853564701233756
0.5114220598867105,0.05709777507714715,0.02145910356903845,0.06714450907013657,0.026814925471811232,0.07221925664347559,0.031443800969033674
0.5479522070214756,0.06101589611232097,0.023377888992590135,0.07169128580014779,0.029285664869843436,0.07699781606080794,0.03444856372808573
0.5844823541562406,0.06490916484213902,0.025346611559466135,0.07619869291787768,0.03182751712373192,0.08171504465358953,0.03754872239283283
0.6210125012910056,0.06877694484135838,0.0273649494463286,0.08066561828806569,0.034439855069467604,0.0863690382745487,0.04074302555928919
0.6575426484257707,0.07261860385133054,0.02943257271931754,0.08509095976371679,0.03712203415175158,0.0909579183017192,0.04403018382128361
0.6940727955605357,0.07643351388335544,0.03154914338798457,0.08947362545803969,0.039873392583029715,0.09547983239676051,0.047408870290938425
0.7306029426953008,0.08022105132133761,0.03371431546054352,0.09381253401385356,0.042693251506778454,0.09993295525266953,0.05087772113427874
0.7671330898300658,0.0839805970237276,0.03592773500042902,0.09810661487039667,0.045580915165002844,0.10431548933058014,0.05443533612175483
0.8036632369648309,0.08771153642473167,0.03818904018415388,0.10235480852747143,0.048535671069904265,0.10862566558535437,0.058080279193456014
0.8401933840995959,0.09141325963477401,0.040497861360455696,0.10655606680686001,0.051556790179676106,0.11286174417967172,0.06181107903878791
0.8767235312343609,0.09508516154019386,0.04285382111072305,0.11070935311094679,0.05464352707838404,0.11702201518632838,0.06562622969037873
0.913253678369126,0.09872664190216257,0.04525653431069137,0.11481364267848317,0.057795120159886186,0.12110479927846332,0.06952419113197515
0.949783825503891,0.1023371054548034,0.0477056081933985,0.11886792283743215,0.0610107918157479,0.12510844840743168,0.07350338992008223
0.9863139726386561,0.10591596200249846,0.05020064241338953,0.12287119325483005,0.06428974862710529,0.12903134646805337,0.0775622198190966
1.022844119773421,0.10946262651636693,0.05274122911216048,0.1268224661836035,0.0676311815604292,0.13287190995096657,0.08169904244967625
1.059374266908186,0.1129765192298986,0.05532695298483031,0.1307207667062816,0.07103426616714231,0.13662858858182403,0.08591218795008572
1.0959044140429512,0.11645706573372731,0.05795739134802988,0.13456513297554187,0.07449816278703932,0.14029986594707416,0.09019995565024914
1.1324345611777162,0.11990369706952823,0.06063211420899713,0.13835461645153183,0.07802201675546067,0.143884260106073,0.09456061475823924
1.1689647083124812,0.12331584982302478,0.06335068433586746,0.1420882821359071,0.08160495861416821,0.1473803241892819,0.09899240505892572
1.2054948554472462,0.12669296621608872,0.06611265732914684,0.145765208802528,0.08524610432587101,0.15078664698230795,0.1034935376245
1.2420250025820112,0.130034494197919,0.06891758169435726,0.14938448922475867,0.08894455549234838,0.15410185349555192,0.10806219553659047
1.2785551497167764,0.1333398875352846,0.07176499891584145,0.15294523039931135,0.09269939957611611,0.157324605519234,0.1126965346196762
1.3150852968515414,0.13660860590181625,0.07465444353171569,0.15644655376658168,0.09650971012558139,0.16045360216357274,0.11739468418550304
1.3516154439863064,0.1398401149663324,0.0775854432099579,0.15988759542742026,0.10037454700363112,0.16348758038390002,0.12215474778820226
1.3881455911210714,0.14303388648018533,0.08055751882561894,0.1632675063562867,0.10429295661959638,0.16642531549049888,0.12697480398980596
1.4246757382558366,0.14618939836361328,0.08357018453914426,0.16658545261073404,0.10826397216453691,0.16926562164295955,0.1318529071358512
1.4612058853906016,0.14930613479108334,0.086622947875793,0.16984061553717134,0.11228661384978653,0.1720073523288533,0.13678708814075877
1.4977360325253666,0.1523835862756129,0.08971530980614216,0.17303219197285466,0.11635988914870149,0.1746494008265317,0.14177535528267066
1.5342661796601316,0.1554212497520542,0.09284676482766178,0.17615939444405512,0.1204827930415515,0.17719070065186335,0.14681569500742447
1.5707963267948966,0.15841862865932965,0.09601680104734851,0.17922145136035617,0.12465430826349336,0.1796302259887291,0.15190607274134088
1.6073264739296618,0.1613752330216037,0.09922490026540398,0.18221760720503236,0.1288734055555658,0.18196699210310074,0.15704443371249568
1.6438566210644268,0.16429057952837808,0.10247053805994365,0.18514712272146136,0.13313904391864365,0.184200055740537,0.16222870378014476
1.6803867681991917,0.16716419161349785,0.10575318387272323,0.18800927509552484,0.137450170870289,0.18632851550693563,0.16745679027196794
1.7169169153339567,0.16999559953305468,0.10907230109586805,0.19080335813395177,0.14180572270443526,0.18835151223238858,0.172726582828793
1.7534470624687217,0.1727843404421751,0.11242734715959118,0.1935286824385612,0.14620462475384083,0.19026822931799256,0.17803595425645893
1.789977209603487,0.1755299584706806,0.11581777362088652,0.19618457557636093,0.15064579165524733,0.1920778930654761,0.18338276138447535
1.826507356738252,0.17823200479760815,0.11924302625318141,0.19877038224546006,0.15512812761717637,0.19377977298950874,0.18876484593112977
1.863037503873017,0.18089003772457798,0.1227025451369353,0.20128546443675532,0.15965052669029994,0.19537318211256757,0.19418003537469636
1.899567651007782,0.1835036227479972,0.12619576475116867,0.20372920159135005,0.16421187304031698,0.19685747724224117,0.19962614383039107
1.9360977981425471,0.18607233263008732,0.12972211406590745,0.20610099075366767,0.16881104122326845,0.19823205923085926,0.20510097293272198
1.9726279452773121,0.18859574746872382,0.13328101663552847,0.2084002467202222,0.17344689646322395,0.19949637321734368,0.21060231272287688
2.0091580924120773,0.19107345476607698,0.13687189069298977,0.21062640218400855,0.17811829493227088,0.2006499088511824,0.21612794254079148
2.045688239546842,0.19350504949604203,0.14049414924493106,0.21277890787447656,0.18282408403273664,0.20169220049843659,0.22167563192153603
2.0822183866816073,0.19589013417044795,0.14414720016762844,0.21485723269305584,0.18756310268157503,0.20262282742969773,0.22724314149566108
2.118748533816372,0.19822831890403408,0.14783044630378742,0.21686086384419598,0.19233418159684568,0.20344141398991805,0.23282822389313634
2.1552786809511373,0.20051922147818418,0.15154328556015959,0.21878930696189147,0.19713614358621764,0.20414762975004705,0.2384286246505204
2.1918088280859025,0.20276246740340667,0.15528511100596534,0.2206420862316589,0.20196780383742324,0.20474118964041166,0.24404208312099232
2.2283389752206673,0.2049576899805516,0.15905531097210746,0.22241874450793717,0.20682797021059313,0.2052218540657869,0.24966633338688024
2.2648691223554325,0.20710453036075505,0.16285326915116033,0.22411884342688135,0.2117154435323991,0.20558942900211058,0.25529910517431753
2.3013992694901972,0.2092026376040983,0.16667836469811542,0.22574196351452233,0.2166290178919317,0.20584376607480254,0.2609381247696564
2.3379294166249625,0.21125166873697643,0.17052997233187078,0.2272877042902657,0.2215674809382412,0.2059847626186572,0.26658111593727163
2.3744595637597277,0.21325128880816277,0.17440746243744354,0.22875568436570448,0.22652961417946674,0.2060123617192854,0.2722258008383805
2.4109897108944924,0.2152011709435631,0.17831020116889257,0.23014554153872094,0.23151419328348075,0.205926552236088,0.27786990095051134
2.4475198580292576,0.21710099639964917,0.18223755055293173,0.2314569328828545,0.23651998837997565,0.20572736880675332,0.28351113798724725
2.4840500051640224,0.21895045461556287,0.18618886859321848,0.23268953483191374,0.2415457643639143,0.20541489183327505,0.28914723481787463
2.5205801522987876,0.22074924326388318,0.1901635093752992,0.2338430432598116,0.24659028120027524,0.20498924744949737,0.29477591638656553
2.557110299433553,0.22249706830004717,0.19416082317219643,0.23491717355560376,0.25165229423001173,0.20445060747020008,0.30039491063072216
2.5936404465683176,0.2241936440104165,0.1981801565506175,0.2359116606937123,0.25673055447715304,0.20379918932174423,0.30600194939811304
2.630170593703083,0.2258386930589831,0.20222085247777122,0.23682625929931675,0.2618238089569711,0.20303525595430605,0.3115947693624313
2.6667007408378476,0.22743194653270407,0.20628225042877052,0.23766074370889662,0.26693080098513483,0.20215911573573514,0.3171711129369041
2.703230887972613,0.228973143985461,0.21036368649460835,0.23841490802591045,0.27205027048777897,0.20117112232707926,0.3227287291855862
2.739761035107378,0.23046203348063418,0.21446449349068475,0.23908856617159788,0.27718095431240786,0.2000716745398262,0.3282653747319677
2.7762911822421428,0.2318983716322864,0.21858400106587064,0.23968155193089158,0.2823215865395599,0.1988612161749203,0.33377881466453174
2.812821329376908,0.23328192364494874,0.22272153581208892,0.24019371899342848,0.28747089879515414,0.19754023584361874,0.3392668234388939
2.849351476511673,0.23461246335200212,0.2268764213743951,0.24062494098964962,0.29262762056344216,0.19610926677025942,0.3447271857761617
2.885881623646438,0.23588977325264843,0.23104797856153955,0.24097511152197998,0.29779047950048926,0.194568886577021,0.3501576975571488
2.922411770781203,0.2371136445474647,0.23523552545699405,0.24124414419108042,0.30295820174810634,0.1929197170507608,0.3555561667120868
2.958941917915968,0.23828387717253557,0.23943837753042294,0.24143197261716545,0.30812951224815505,0.1911624238920256,0.36092041410547054
2.995472065050733,0.23940027983215692,0.24365584774958232,0.24153855045638145,0.3133031350571496,0.1892977164463363,0.3662482744156845
3.0320022121854984,0.24046267003010693,0.24788724669262768,0.24156385141224135,0.3184777936610763,0.18732634741785492,0.3715375970090519
3.068532359320263,0.24147087409947826,0.2521318826608126,0.24150786924211295,0.3236522112903547,0.18524911256554943,0.37678624680795536
3.1050625064550283,0.24242472723106703,0.2563890617915592,0.24137061775875895,0.32882511123486136,0.18306685038197928,0.3819921051526784
3.141592653589793,0.243324073500314,0.26065808817188263,0.24115213082692918,0.33399521715893865,0.18078044175483118,0.38715307065661897
3.1781228007245583,0.24416876589279302,0.2649382639521507,0.24085246235500474,0.3391612534163119,0.1783908096113415,0.3922670600545316
3.2146529478593235,0.24495866632824345,0.2692288894601601,0.24047168628169713,0.3443219453648355,0.17589891854574954,0.3973320090434539
3.2511830949940883,0.24569364568314173,0.2735292633155103,0.2400098965578047,0.34947601968099234,0.17330577442993117,0.4023458731159791
3.2877132421288535,0.24637358381180902,0.2778386825442568,0.23946720712303188,0.35462220467406685,0.1706124240073705,0.4073066283855378
3.3242433892636183,0.24699836956605117,0.28215644269382534,0.23884375187787635,0.3597592305999161,0.16781995447063353,0.41221227240335634
3.3607735363983835,0.24756790081332788,0.28648183794816695,0.23813968465059082,0.36488582997426,0.16492949302251422,0.41706082496676095
3.3973036835331487,0.24808208445344812,0.2908141612431368,0.23735517915922846,0.3700007378854137,0.16194220642102977,0.4218503289185031
3.4338338306679135,0.24854083643378913,0.2951527043820763,0.2364904289687805,0.37510269230638604,0.15885930050844946,0.42657885093678116
3.4703639778026787,0.24894408176303623,0.29949675815158083,0.2355456474434168,0.3801904344062661,0.155682019724547,0.43124448231564133
3.5068941249374435,0.2492917545234414,0.30384561243743335,0.2345210676938418,0.38526270886082,0.15241164660427176,0.43584533973544304
3.5434242720722087,0.2495837978815991,0.3081985563406857,0.2334169425197775,0.39031826416222437,0.14904950126004396,0.44037956602307465
3.579954419206974,0.24982016409773639,0.31255487829386763,0.2322335443475892,0.39535585292785635,0.14559694084888022,0.4448453309016175
3.6164845663417386,0.2500008145335169,0.3169138661773055,0.23097116516306843,0.4003742322080671,0.14205535902456615,0.4492408317291514
3.653014713476504,0.2501257196583571,0.3212748074355311,0.22963011643938946,0.40537216379286084,0.13842618537509727,0.45356429422640543
3.689544860611269,0.25019485905425365,0.3256369891937619,0.22821072906025844,0.4103484145174048,0.13471088484561372,0.45781397319296063
3.726075007746034,0.2502082214191207,0.3299996983744328,0.2267133532382723,0.4153017565662937,0.13091095714706377,0.4619881532117134
3.762605154880799,0.2501658045686379,0.3343622218137626,0.22513835842850946,0.4202309677764956,0.12702793615083324,0.46608514934131806
3.799135302015564,0.2500676154366072,0.3387238463783321,0.22348613323737213,0.42513483193890167,0.12306338926958621,0.4701033077963266
3.835665449150329,0.24991367007381954,0.34308385908166017,0.22175708532670335,0.430012139098408,0.11901891682456592,0.47404100661475257
3.8721955962850942,0.24970399364543086,0.3474415472007532,0.2199516413132028,0.4348616858524537,0.11489615139961246,0.4778966563127894
3.908725743419859,0.24943862042684856,0.35179619839261284,0.21807024666316543,0.43968227564794254,0.11069675718215738,0.4816687005264175
3.9452558905546242,0.24911759379812856,0.3561471008106819,0.21611336558256916,0.4444727190764744,0.10642242929146033,0.48535561663964444
3.981786037689389,0.248740966236884,0.3604935432212075,0.21408148090253926,0.44923183416781437,0.10207489309436149,0.4889559163991196
4.018316184824155,0.2483087993097067,0.36483481511950655,0.21197509396021666,0.4539584466815258,0.09765590350882249,0.49246814651488097
4.054846331958919,0.24782116366210336,0.3691702068461089,0.20979472447506092,0.45865139039669667,0.09316724429554042,0.4958908892469863
4.091376479093684,0.24727813900694678,0.3734990097027654,0.20754091042061698,0.4633095073996873,0.08861072733791782,0.49922276297779605
4.127906626228449,0.2466798141114458,0.3778205160682969,0.20521420789177816,0.4679316483698282,0.08398819191068171,0.5024624227696737
4.164436773363215,0.24602628678263433,0.3821340195142679,0.20281519096757825,0.4725166728629975,0.07930150393744545,0.5056085609078815
4.200966920497979,0.24531766385138332,0.38643881492046445,0.20034445156954608,0.4770634495930086,0.074552555237514,0.5086599074284491
4.237497067632744,0.24455406115493705,0.39073419859015973,0.19780259931565758,0.48157085671073846,0.069743262762235,0.5116152306308056
4.27402721476751,0.24373560351797768,0.39501946836514584,0.19519026136992185,0.48603778208092663,0.06487556782120676,0.5144733375749648
4.310557361902275,0.2428624247322202,0.3992939237405134,0.19250808228763786,0.4904631235565777,0.059951435298652996,0.5172330745630653
4.347087509037039,0.2419346675345419,0.4035568659791628,0.18975672385635975,0.49484578925090056,0.05497285286028084,0.5198933276050699
4.383617656171805,0.2409524835836493,0.40780759822602514,0.18693686493261094,0.4991846978067145,0.049941830150944055,0.5224530228684363
4.42014780330657,0.23991603343528695,0.41204542562197527,0.1840492012743866,0.5034787786632575,0.044860397983433956,0.5249111271115788
4.4566779504413345,0.23882548651599164,0.41626965541741984,0.18109444536948519,0.5077269723203323,0.03973060751872489,0.5272666481009445
4.493208097576099,0.23768102109539638,0.4204795970855391,0.17807332625971334,0.5119282305997209,0.034554529438007006,0.5295186350115355
4.529738244710865,0.23648282425708922,0.4246745624351668,0.1749865893610054,0.5160815169038077,0.029334253106838928,0.5316661788107185
4.56626839184563,0.23523109186803112,0.42885386572328654,0.1718349962795033,0.5201858064713439,0.024071885731758953,0.5337084126251619
4.6027985389803945,0.23392602854653763,0.4330168237671297,0.1686193246236416,0.524240086630293,0.01876955150969362,0.5356445120907568
4.63932868611516,0.2325678476288305,0.4371627560558534,0.16534036781228414,0.528243357047691,0.013429390770508682,0.5374736956853778
4.675858833249925,0.23115677113416427,0.44129098486178303,0.16199893487896025,0.5321946299764644,0.008053559113048257,0.5391952250443516
4.71238898038469,0.22969302972853273,0.44540083535119807,0.15859585027224715,0.5360929304991424,0.002644226535009356,0.5408084052585023
4.748919127519455,0.2281768626869626,0.4494916356946471,0.15513195365235008,0.5399372967684029,-0.002796423442995276,0.5423125851546587
4.78544927465422,0.22660851785439987,0.4535627171767694,0.15160809968392885,0.5437267802443927,-0.00826619465883173,0.5437071575585047
4.821979421788985,0.22498825160519478,0.4576134143056094,0.14802515782522133,0.5474604459287679,-0.013762879195344658,0.54499155953967
4.8585095689237505,0.22331632880119284,0.46164306492140295,0.14438401211351842,0.5511373725953889,-0.01928425827160028,0.5461652726389623
4.895039716058515,0.22159302274843876,0.4656510103048189,0.14068556094704107,0.5547566530176196,-0.02482810313851483,0.547227823077646
4.93156986319328,0.21981861515249884,0.46963659528464025,0.13693071686327338,0.5583173941921722,-0.030392175978507775,0.5481787819486886
4.968100010328045,0.21799339607241203,0.47359916834486154,0.13312040631380812,0.5618187175594425,-0.03597423080881438,0.5490177653898914
5.0046301574628105,0.21611766387327358,0.4775380817311931,0.12925556943575833,0.5652597592202812,-0.041572014388095,0.5497444347388387
5.041160304597575,0.21419172517746277,0.48145269155694653,0.12533715981979307,0.5686396701491476,-0.04718326712597353,0.5503584966696018
5.07769045173234,0.21221589481451938,0.4853423579082903,0.12136614427485255,0.5719576164035949,-0.052805723995140046,0.5508597033111421
5.114220598867106,0.21019049576967905,0.48920644494885585,0.11734350258960288,0.5752127793300322,-0.05843711544564686,0.5512478523473667
5.15075074600187,0.20811585913107597,0.49304432102367524,0.11327022729068806,0.5784043557657155,-0.06407516832103027,0.5515227870987944
5.187280893136635,0.20599232403561998,0.49685535876243786,0.10914732339783804,0.5815315582369159,-0.06971760677588924,0.5516843965858009
5.223811040271401,0.20382023761355897,0.5006389351820447,0.10497580817589608,0.5845936151532171,-0.07536215319454828,0.5517326155734168
5.260341187406166,0.20159995493173397,0.5043944317884459,0.1007567108838237,0.5875897709978932,-0.08100652911043496,0.5516674245976596
5.29687133454093,0.19933183893553666,0.5081212346777467,0.09649107252074583,0.5905192865143222,-0.08664845612580195,0.5514888499733913
5.333401481675695,0.19701626038958014,0.5118187346365584,0.09217994556910053,0.5933814388883857,-0.09228565683142055,0.5511969637836955
5.369931628810461,0.1946535978170902,0.5154863272415872,0.0878243937349542,0.5961755219268127,-0.09791585572587473,0.5507918838507809
5.406461775945226,0.1922442374380293,0.5191234129584373,0.08342549168554861,0.5989008462314221,-0.10353678013408568,0.5502737736884215
5.44299192307999,0.18978857310596095,0.5227293972396169,0.07898432478414213,0.6015567393692217,-0.1091461611246959,0.5496428424359522
5.479522070214756,0.18728700624366842,0.5263036906217256,0.07450198882221314,0.604142546038321,-0.1147417344259413,0.5488993447738489
5.516052217349521,0.1847399457775344,0.5298457088218147,0.06997958974908955,0.6066576282296162,-0.1203212413396423,0.5480435808209246
5.5525823644842855,0.18214780807069436,0.5333548728328981,0.06541824339907257,0.6091013653842108,-0.12588242965294627,0.5470758960131834
5.589112511619051,0.17951101685497464,0.5368306090186018,0.06081907521612104,0.6114731545465285,-0.131423054547451,0.5459966809643828
5.625642658753816,0.17683000316162598,0.5402723492069343,0.056183219976165544,0.6137724105130831,-0.1369408795053434,0.5448063713083597
5.662172805888581,0.1741052052508637,0.5436795307831657,0.051511821507118624,0.6159985659768693,-0.14243367721218847,0.5435054475231829
5.698702953023346,0.17133706854022546,0.5470515967817967,0.04680603240665272,0.6181510716673374,-0.14789923045600256,0.5420944347372036
5.735233100158111,0.16852604553176073,0.5503879959776046,0.04206701375781443,0.6202293964859167,-0.15333533302224825,0.5405739025170851
5.771763247292876,0.1656725957380602,0.5536881829757513,0.03729593484254375,0.6222330276370569,-0.1587397905843915,0.5389444646378905
5.808293394427641,0.16277718560714094,0.5569516183009379,0.03249397285317184,0.6241614707547524,-0.16411042158965844,0.5372067788353284
5.844823541562406,0.15984028844619616,0.5601777684855915,0.027662312601966273,0.6260142500245197,-0.1694450581396375,0.5353615465402526
5.881353688697171,0.15686238434422553,0.5633661061570704,0.02280214622879637,0.627790908300798,-0.17474154686536794,0.533409512595524
5.917883835831936,0.153843960093555,0.5665161101238727,0.017914672906990458,0.6294910072197422,-0.1799977497965655,0.5313514649553485
5.9544139829667015,0.1507855091102626,0.5696272654608343,0.01300109854745773,0.6311141273073831,-0.18521154522463115,0.529188234367213
5.990944130101466,0.14768753135352028,0.5726990635933025,0.008062635501148297,0.6326598680831265,-0.19038082855909513,0.5269206940365475
6.027474277236231,0.1445505332438664,0.5757310023802724,0.0031005022599228564,0.6341278481585654,-0.19550351317715287,0.5245497592742487
6.064004424370997,0.1413750275804222,0.5787225861964709,-0.0018840768440914132,0.6355177053315818,-0.20057753126594655,0.5220763871272078
6.1005345715057615,0.13816153345706592,0.5816733260133744,-0.0068898719405862075,0.6368290966757154,-0.20560083465725393,0.5195015759919901
6.137064718640526,0.1349105761775768,0.5845827394791511,-0.011915647924524906,0.6380616986247746,-0.21057139565424884,0.5168263652118243
6.173594865775291,0.13162268716976538,0.5874503509975089,-0.016960164760885774,0.6392152070526724,-0.21548720784999686,0.5140518346570644
6.210125012910057,0.12829840389860128,0.5902756918054408,-0.02202217779062217,0.6402893373484646,-0.2203462869373576,0.5111791042892894
6.2466551600448215,0.12493826977835575,0.5930583000498522,-0.02710043803776354,0.6412838244865732,-0.22514667150996606,0.5082093337092235
6.283185307179586,0.12154283408376956,0.5957977208630602,-0.03219369251758153,0.6421984230921776,-0.22988642385397057,0.5051437216886532
6.319715454314352,0.11811265186026529,0.5984935064371483,-0.037300684545745394,0.6430329075017575,-0.23456363073020636,0.501983505686533
6.356245601449117,0.11464828383321456,0.6011452160971703,-0.04242015404838946,0.6437870718187713,-0.23917640414648964,0.4987299613494766
6.392775748583881,0.11115029631627708,0.6037524163731857,-0.04755083787301836,0.6444607299644587,-0.24372288211972118,0.49538440199683004
6.429305895718647,0.1076192611188267,0.6063146810711185,-0.05269147010017058,0.6450537157237525,-0.24820122942749115,0.491948178090541
6.465836042853412,0.10405575545247908,0.6088315913424264,-0.05784078235576472,0.6455658827862893,-0.2526096383488801,0.4884226766900336
6.502366189988177,0.1004603618367358,0.6113027357525687,-0.06299750412405267,0.6459971047825105,-0.2569463293941616,0.4848093208923107
6.538896337122942,0.09683366800376043,0.6137277103482633,-0.06816036306109975,0.6463472753148409,-0.2612095520231067,0.4811095692575095
6.575426484257707,0.09317626680230424,0.6161061187235203,-0.07332808530871682,0.6466163079839412,-0.26539758535160335,0.4773249152201419
6.611956631392472,0.08948875610079324,0.6184375720844406,-0.07849939580876553,0.6468041364100263,-0.26950873884630605,0.4734568864862575
6.648486778527237,0.0857717386895962,0.6207216893127729,-0.08367301861775998,0.6469107142492423,-0.27354135300703253,0.46950704441677293
6.685016925662002,0.08202582218248793,0.6229580970282131,-0.08884767722168678,0.6469360152051021,-0.27749380003663454,0.4654769833972159
6.721547072796767,0.07825161891732359,0.6251464296494406,-0.0940220948509652,0.6468800330349738,-0.28136448449807105,0.4613683301941388
6.758077219931532,0.07444974585594065,0.627286329453879,-0.09919499479547185,0.6467427815516198,-0.28515184395841975,0.457182743298461
6.794607367066297,0.07062082448330559,0.629377446636173,-0.1043651007195493,0.6465242946197901,-0.2888543496195653,0.452921912256006
6.831137514201062,0.0667654807059212,0.6314194393653692,-0.10953113697692247,0.6462246261478657,-0.2924705069353107,0.4485875569855024
6.867667661335827,0.0628843447495106,0.6334119738407953,-0.11469182892544603,0.6458438500745579,-0.2959988562146638,0.4441814270843249
6.904197808470593,0.05897805105599505,0.6353547243466264,-0.11984590324160281,0.6453820603506656,-0.2994379732110525,0.4397053011222552
6.940727955605357,0.05504723817978377,0.6372473733051279,-0.12499208823467735,0.6448393709158927,-0.3027864696972333,0.4351609859235487
6.977258102740122,0.05109254868338968,0.6390896113285702,-0.13012911416052664,0.6442159156707371,-0.3060429940256611,0.43055031583759396
7.013788249874887,0.047114629032392004,0.6408811372698036,-0.13525571353487043,0.6435118484434517,-0.3092062316740923,0.4258751519984637
7.050318397009653,0.043114129489758624,0.6426216582714857,-0.14037062144602422,0.6427273429520893,-0.31227490577620165,0.42113738157365344
7.086848544144417,0.03909170400954999,0.644310889813955,-0.1454725758669966,0.6418625927616414,-0.31524777763700035,0.4163389170023107
7.123378691279182,0.03504801013001749,0.6459485557617406,-0.15056031796687658,0.6409178112362777,-0.3181236472328453,0.4114816952232627
7.159908838413948,0.03098370886611734,0.6475343884087014,-0.15563259242143065,0.6398932314867026,-0.32090135369583783,0.40656767689315726
7.1964389855487125,0.026899464601456032,0.6490681285217869,-0.16068814772283496,0.6387891063126383,-0.32357977578241726,0.40159884559502645
7.232969132683477,0.022795944979684443,0.6505495253834146,-0.1657257364884669,0.63760570814045,-0.32615783232596085,0.39657720703759775
7.269499279818243,0.01867382079535911,0.6519783368324542,-0.17074411576867762,0.6363433289559293,-0.32863448267320416,0.39150478824567375
7.306029426953008,0.014533765884289576,0.6533543293038123,-0.17574204735347135,0.6350022802322504,-0.33100872710430984,0.3863836367419079
7.3425595740877725,0.010376457013386707,0.6546772778666139,-0.1807182980780152,0.6335828928531193,-0.33327960723641276,0.3812158197203038
7.379089721222538,0.006202573770033769,0.6559469662609706,-0.18567164012690424,0.6320855170311331,-0.33544620641047834,0.3760034232117768
7.415619868357303,0.002012798450995237,0.6571631869333326,-0.1906008513371061,0.6305105222213704,-0.3375076500613196,0.3707485512421122
7.452150015492068,-0.002192184049117259,0.6583257410704173,-0.1955047154995122,0.628858297030233,-0.33946310607062274,0.3654533249826554
7.4886801626268324,-0.006411686349803124,0.6594344386317086,-0.20038202265901853,0.6271292491195642,-0.34131178510283794,0.36011988189408556
7.525210309761598,-0.01064501869703726,0.6604890983805223,-0.20523156941306434,0.6253238051060637,-0.34305294092380123,0.35475037486361377
7.561740456896363,-0.014891489076023095,0.6614895479136327,-0.2100521592085531,0.6234424104560263,-0.3446858707019579,0.34934697133594994
7.598270604031128,-0.0191504033243153,0.6624356236894556,-0.21484260263708493,0.62148552937543,-0.34620991529206624,0.3439118524383979
7.634800751165893,-0.02342106524529285,0.663327171054781,-0.21960171772842488,0.6194536446954001,-0.34762445950126636,0.33844721210042694
7.671330898300658,-0.027702776721964546,0.664164044270055,-0.2243283302421362,0.6173472577530775,-0.3489289323374083,0.3329552561680721
7.707861045435423,-0.031994837831089896,0.664946106533203,-0.22902127395730706,0.6151668882679219,-0.35012280723953737,0.3274382015135274
7.7443911925701885,-0.03629654695759323,0.6656732300019924,-0.2336793909602978,0.6129130742134778,-0.35120560229044456,0.32189827514029007
7.780921339704953,-0.04060720090925579,0.6663452958149313,-0.2383015319304387,0.610586371684639,-0.35217688041119644,0.3163377132842085
7.817451486839718,-0.044926095031665524,0.666962194110698,-0.24288655642360796,0.6081873547604391,-0.3530362495375657,0.31075876051081064
7.853981633974484,-0.049252523323405344,0.6675238240461,-0.24743333315361926,0.6057166153624068,-0.35378336277829103,0.30516366880926554
7.8905117811092484,-0.05358577855146152,0.6680300938125588,-0.2519407402713491,0.6031747631085184,-0.35441791855510213,0.2995546966833519
7.927041928244013,-0.05792515236683402,0.6684809206511174,-0.2564076656415371,0.6005624251627827,-0.3549396607244547,0.29393410823979194
7.963572075378778,-0.06226993542032922,0.668876230865969,-0.2608330071171882,0.5978802460804987,-0.3553483786809247,0.2883041722743279
8.000102222513544,-0.06661941747851566,0.669215959836504,-0.2652156728115111,0.5951288876492207,-0.35564390744222096,0.28266716135590614
8.03663236964831,-0.07097288753982421,0.6695000520278725,-0.269554581367325,0.5923090287254719,-0.35582612771578137,0.2770253509093323
8.073162516783073,-0.07532963395077441,0.6697284610000642,-0.273848662223868,0.5894213650672475,-0.3558949659469265,0.27138101829678246
8.109692663917839,-0.07968894452230765,0.669901149415498,-0.27809685588094285,0.586466609162346,-0.35585039434855065,0.2657364418985238
8.146222811052603,-0.08405010664620606,0.6700180890451269,-0.2822981141603313,0.5834454900525743,-0.35569243091233793,0.26009390019323
8.182752958187368,-0.08841240741158311,0.6700792607730518,-0.2864514004644182,0.5803587531538662,-0.3554211394015004,0.25445567083825393
8.219283105322134,-0.0927751337214198,0.6700846545996465,-0.29055569003195464,0.5772071600723641,-0.3550366293250388,0.24882402975023526
8.255813252456898,-0.0971375724091343,0.6700342696431923,-0.29460997019090346,0.5739914884165025,-0.354539055893539,0.24320125018640512
8.292343399591664,-0.10149901035516233,0.6699281141400225,-0.2986132406083014,0.570712531605145,-0.35392861995651936,0.23758960182696912
8.32887354672643,-0.10585873460352847,0.6697662054431753,-0.3025645135370749,0.5673710986718211,-0.353205567921357,0.2319913498589341
8.365403693861193,-0.11021603247839222,0.669548570019558,-0.3064628140597529,0.5639680140651082,-0.35237019165382283,0.22640875406174432
8.401933840995959,-0.11457019170054816,0.6692752434456198,-0.3103071803290132,0.560504117445211,-0.3514228283602678,0.2208440678951052
8.438463988130724,-0.11892050050386005,0.6689462704015364,-0.3140966638050033,0.5569802634767896,-0.35036386045150675,0.21529953758935513
8.474994135265488,-0.12326624775161216,0.6685617046639064,-0.3178303294893784,0.5533973216180822,-0.3491937153884556,0.2097774012387588
8.511524282400254,-0.12760672305275841,0.6681216090969604,-0.3215072561559994,0.5497561759063793,-0.34791286550958284,0.20427988789807905
8.54805442953502,-0.13194121687804705,0.6676260556422845,-0.32512653657823015,0.5460577247399019,-0.3465218278402463,0.19880921668280271
8.584584576669783,-0.13626902067600685,0.6670751253070605,-0.32868727775278267,0.5423028806561343,-0.34502116388399245,0.19336759587337832
8.62111472380455,-0.14058942698877314,0.6664689081508238,-0.33218860112005305,0.5384925701066688,-0.3434114793958997,0.18795722202382278
8.657644870939315,-0.14490172956773362,0.6658075032707411,-0.3356296427808917,0.5346277332286192,-0.34169342413806164,0.18258027907506644
8.694175018074079,-0.14920522348897788,0.6650910187854118,-0.33900955370975805,0.5307093236126541,-0.33986769161730485,0.17723893747338884
8.730705165208844,-0.15349920526853086,0.6643195718171934,-0.3423274999642055,0.5267383080677133,-0.33793501880524945,0.17193535329429804
8.76723531234361,-0.15778297297734842,0.6634932884730561,-0.3455826628906428,0.5227156663824637,-0.335896185840824,0.16667166737221475
8.803765459478374,-0.16205582635606122,0.6626123038239687,-0.3487742393263261,0.5186423910835488,-0.3337520157153573,0.16145000443630853
8.84029560661314,-0.16631706692944526,0.661676761882818,-0.3519014417975265,0.5145194871906987,-0.33150337394037016,0.1562724722528312
8.876825753747905,-0.17056599812059928,0.6606868155808677,-0.3549634987138276,0.5103479719687569,-0.3291511681982052,0.15114116077430137
8.913355900882669,-0.17480192536481334,0.6596426267427592,-0.35795965455850365,0.5061288746766845,-0.32669634797563407,0.1460581412958795
8.949886048017435,-0.17902415622310844,0.6585443660600582,-0.3608891700749327,0.5018632363136067,-0.32413990418058836,0.1410254656192704
8.986416195152199,-0.183232000495427,0.6573922130633519,-0.36375132244899616,0.4975521093619614,-0.3214828687421725,0.13604516522449878
9.022946342286964,-0.18742477033346053,0.6561863560929018,-0.3665454054874231,0.4931965575278152,-0.3187263141941168,0.1311192504498849
9.05947648942173,-0.19160178035308853,0.6549269922678561,-0.3692707297920327,0.4887976554784093,-0.3158713532418414,0.12624970968055735
9.096006636556494,-0.19576234774641843,0.6536143274540268,-0.3719266229298322,0.4843564885770032,-0.31291913831330265,0.12143850854582254
9.13253678369126,-0.1999057923934028,0.6522485762302371,-0.3745124295989315,0.4798741526150739,-0.30987086109380657,0.11668758912572418
9.169066930826025,-0.20403143697301673,0.6508299618532452,-0.37702751179022675,0.47535175354195025,-0.3067277520449769,0.11199886916710805
9.205597077960789,-0.20813860707397838,0.6493587162212481,-0.3794712489448215,0.4707904071919333,-0.303491079908067,0.10737424130950572
9.242127225095555,-0.21222663130499458,0.647835079835974,-0.381843038107139,0.4661912390089819,-0.30016215119182366,0.10281557232115654
9.27865737223032,-0.21629484140451036,0.6462593017633684,-0.38414229407369355,0.46155538376902644,-0.296742309645105,0.09832470234547284
9.315187519365084,-0.22034257234994928,0.6446316395928793,-0.3863684495374798,0.45688398529997976,-0.2932329357144635,0.0939034441582489
9.35171766649985,-0.22436916246642383,0.6429523593953494,-0.3885209552279479,0.45217819619951377,-0.28963544598691904,0.08955358243592057
9.388247813634615,-0.22837395353489712,0.6412217356795223,-0.3905992800465273,0.44743917755067514,-0.2859512926181422,0.08527687303516734
9.42477796076938,-0.23235629089978124,0.6394400513471693,-0.3926029111976674,0.44266809863540474,-0.2821819627462791,0.08107504228414456
9.461308107904145,-0.23631552357595312,0.6376075976468429,-0.3945313543153629,0.4378661366460326,-0.2783289778916566,0.07694978628563845
9.49783825503891,-0.24025100435516858,0.6357246741262687,-0.39638413358513047,0.43303447639482673,-0.27439389334260833,0.07290277023242009
9.534368402173675,-0.244162089911861,0.6337915885833773,-0.39816079186140857,0.4281743100216571,-0.2703782975276706,0.06893562773507825
9.57089854930844,-0.24804814090830518,0.6318086570159898,-0.39986089078035264,0.42328683669985145,-0.26628381137439944,0.06504996016259723
9.607428696443206,-0.251908522099127,0.6297762035701624,-0.4014840108679937,0.41837326234031863,-0.2621120876550701,0.061247335995952425
9.64395884357797,-0.2557426024351471,0.6276945604871991,-0.40302975164373694,0.41343479929400945,-0.25786481031952413,0.057529290194981424
9.680488990712735,-0.259549755166537,0.6255640680493395,-0.4044977317191758,0.40847266605278376,-0.2535436938154269,0.05389732357878306
9.717019137847501,-0.26332935794527235,0.6233850745241352,-0.40588758889219234,0.40348808694876925,-0.24915048239621834,0.050352902219900776
9.753549284982265,-0.2670807929268671,0.6211579361075181,-0.40719898023632584,0.39848229185227485,-0.2446869494170317,0.04689745685253145
9.79007943211703,-0.2708034468713722,0.6188830168655742,-0.40843158218538517,0.3934565158683358,-0.24015489661886283,0.0435323822949964
9.826609579251794,-0.2744967112436192,0.61656068867503,-0.40958509061328285,0.3884119990319752,-0.2355561534012839,0.04025903688671263
9.86313972638656,-0.27815998231269773,0.6141913311624628,-0.41065922090907514,0.3833499860022385,-0.23089257608399114,0.037078741939887985
9.899669873521326,-0.2817926612506455,0.6117753316422441,-0.41165370804718365,0.3782717257550975,-0.22616604715748784,0.03399278120616372
9.93620002065609,-0.2853941542303377,0.6093130850532256,-0.4125683066527881,0.3731784712752792,-0.22137847452319964,0.0310024003584162
9.972730167790855,-0.2889638725225592,0.6068049938941793,-0.41340279106236794,0.3680714792471158,-0.21653179072333587,0.028108806487931952
10.009260314925621,-0.29250123259224214,0.6042514681580025,-0.4141569553793818,0.36295200974447145,-0.21162795216080466,0.025313167617156178
10.045790462060385,-0.2960056561938564,0.6016529252646959,-0.41483061352506917,0.3578213259198428,-0.2066689383094927,0.022616612228209692
10.08232060919515,-0.29947657046593346,0.5990097899931296,-0.4154235992843629,0.3526806936926904,-0.20165675091523572,0.020020228807368756
10.118850756329916,-0.3029134080247111,0.596322494411605,-0.4159357663468999,0.347531381437096,-0.19659341318779933,0.01752506540568952
10.15538090346468,-0.3063156070568828,0.5935914778072258,-0.41636698834312097,0.34237465966880837,-0.19148096898419117,0.015132129215952335
10.191911050599446,-0.30968261141143644,0.5908171866140877,-0.41671715887545147,0.337211800731761,-0.18632148198364312,0.012842386166101168
10.228441197734211,-0.3130138706905666,0.5880000743403017,-0.4169861915445518,0.3320440784841436,-0.18111703485459185,0.010656760529339433
10.264971344868975,-0.3163088403396473,0.5851406014938594,-0.41717401997063686,0.3268727679840952,-0.17586972841399018,0.008576134551038474
10.30150149200374,-0.3195669817362502,0.5822392355073542,-0.41728059780985277,0.321699145175101,-0.1705816807792969,0.006601348092612922
10.338031639138507,-0.3227877622781908,0.5792964506615723,-0.4173058987657127,0.31652448657117405,-0.16525502651348292,0.004733198292504151
10.37456178627327,-0.3259706554705925,0.5763127280079618,-0.41724991659558436,0.311350068941896,-0.15989191576339506,0.0029724392444080102
10.411091933408036,-0.32911514101195216,0.5732885552899964,-0.41711266511223033,0.30617716899738906,-0.15449451339183323,0.0013197816928794343
10.447622080542802,-0.33222070487919203,0.570224426863445,-0.4168941781804005,0.30100706307331143,-0.14906499810368762,-0.00022410725356501583
10.484152227677566,-0.33528683941168647,0.5671208436155606,-0.4165945097084761,0.29584102681593855,-0.14360556156648416,-0.0016586043917316932
10.520682374812331,-0.33831304339424884,0.5639783128832002,-0.4162137336351685,0.2906803348674147,-0.13811840752570168,-0.0029831306753104318
10.557212521947097,-0.341298822139063,0.5607973483698925,-0.415751943911276,0.2855262605512576,-0.13260575091521382,-0.0041971514486107975
10.59374266908186,-0.34424368756654977,0.5575784700618637,-0.41520925447650325,0.28038007555818334,-0.1270698169632101,-0.005300176662381009
10.630272816216626,-0.3471471582851526,0.5543222041430355,-0.4145857992313477,0.27524304963233437,-0.12151284029396674,-0.006291761071619724
10.66680296335139,-0.3500087596700287,0.5510290829090113,-0.4138817320040622,0.2701164502579903,-0.11593706402582203,-0.007171504415302862
10.703333110486156,-0.3528280239406364,0.5476996446800633,-0.4130972265126999,0.265001542346837,-0.11034473886572316,-0.007939051577952265
10.739863257620922,-0.35560449023720125,0.5443344337131332,-0.4122324763222519,0.25989958792586426,-0.10473812220071213,-0.008594092732980748
10.776393404755686,-0.35833770469605236,0.5409340001128653,-0.41128769479688826,0.2548118458259846,-0.09911947718671041,-0.00913636346775629
10.812923551890451,-0.36102722052381475,0.5374988997416794,-0.41026311504731316,0.24973957137143035,-0.0934910718349793,-0.00956564489033434
10.849453699025217,-0.3636725980704456,0.5340296941289074,-0.40915898987324884,0.24468401607002577,-0.08785517809662043,-0.009881763717815014
10.88598384615998,-0.36627340490110294,0.5305269503790004,-0.4079755917010606,0.2396464273043941,-0.08221407094548146,-0.010084592346290458
10.922513993294746,-0.3688292158668349,0.5269912410788248,-0.40671321251653975,0.23462804802418313,-0.07657002745984606,-0.010174048902353044
10.959044140429512,-0.3713396131740789,0.5234231442040622,-0.4053721637928609,0.22963011643938966,-0.07092532590327441,-0.010150097276144222
10.995574287564276,-0.3738041864529557,0.5198232430247309,-0.40395277641372973,0.22465386571484555,-0.06528224480496085,-0.010012747135930665
11.032104434699042,-0.3762225328243538,0.5161921260098373,-0.40245540059174373,0.2197005236659569,-0.05964306203998871,-0.009762053924201345
11.068634581833807,-0.3785942569657867,0.5125303867311812,-0.40088040578198086,0.21477131245575476,-0.05401005390984917,-0.009398118835288082
11.105164728968571,-0.38091897117601387,0.5088386237663267,-0.39922818059084364,0.20986744829334894,-0.04838549422359092,-0.008921088774517348
11.141694876103337,-0.38319629543842054,0.5051174406007515,-0.3974991326801748,0.20499014113384234,-0.042771653379980304,-0.008331156298910824
11.178225023238102,-0.3854258574831356,0.5013674455291983,-0.3956936886666741,0.20014059437979642,-0.03717079745103807,-0.0076285595394583626
11.214755170372866,-0.38760729284788714,0.49758925155623784,-0.39381229401663687,0.19532000458430793,-0.03158518726731823,-0.006813582104994251
11.251285317507632,-0.38974024493758097,0.49378347629606023,-0.39185541293604054,0.19052956115577577,-0.026017077505307087,-0.005886552967716333
11.287815464642398,-0.39182436508259033,0.48995074187151816,-0.3898235282560107,0.18577044606443613,-0.0204687157773064,-0.0048478463303939295
11.324345611777161,-0.39385931259575485,0.4860916748124261,-0.38771714131368806,0.18104383355072456,-0.014942341724163642,-0.003697881475317525
11.360875758911927,-0.39584475482807074,0.4822069059531443,-0.38553677182853247,0.17635088983555394,-0.009440186111224462,-0.002437122595052205
11.397405906046693,-0.3977803672230677,0.47829707032945906,-0.38328295777408833,0.17169277283256304,-0.003964469927867728,-0.0010660786050629594
11.433936053181457,-0.399665833369865,0.47436280707477146,-0.3809562552452496,0.16707063186242244,0.0014825965090175877,0.0004146970617137152
11.470466200316222,-0.4015008450548939,0.4704047593156209,-0.37855723832104965,0.1624856073692529,0.0068988144472431736,0.002004606678267266
11.506996347450986,-0.4032851023122798,0.4664235740665564,-0.3760864989230176,0.157938830639242,0.012281997586863927,0.0037030084647899017
11.543526494585752,-0.40501831347287903,0.46241990212436584,-0.373544646669129,0.15343142352151187,0.017629972962698415,0.005509216847736992
11.580056641720518,-0.4067001952119554,0.4583943979616969,-0.37093230872339317,0.14896449815132365,0.02294058182146229,0.00742250273656405
11.616586788855281,-0.40833047259549654,0.45434771962006676,-0.3682501296411093,0.1445391566756728,0.028211680493164547,0.009442093818029147
11.653116935990047,-0.40990887912515583,0.45028052860229567,-0.3654987712098311,0.1401564909813497,0.03344114125642235,0.011567174867945442
11.689647083124813,-0.41143515678181614,0.4461934897643737,-0.36267891228608257,0.1358175824255361,0.038626853197326276,0.013796888080250294
11.726177230259577,-0.4129090560677688,0.4420872712067744,-0.359791248627858,0.13152350156899276,0.043766723061532904,0.016130333413267754
11.762707377394342,-0.4143303360474977,0.43796254416524416,-0.35683649272295676,0.12727530791191827,0.04885867609922182,0.01856656895301687
11.799237524529108,-0.4156987643870644,0.43381998290107743,-0.35381537361318477,0.12307404963252946,0.05390065690258381,0.021104611293422056
11.835767671663872,-0.4170141173920881,0.4296602645908929,-0.35072863671447696,0.11892076332844294,0.0588906302355054,0.02374343593327442
11.872297818798637,-0.41827618004431183,0.4254840692159415,-0.34757704363297465,0.11481647376090638,0.06382658185510695,0.026481977689778936
11.908827965933403,-0.4194847460367516,0.421292079450946,-0.34436137197711275,0.11076219360195717,0.0687065193248067,0.029319131128523652
11.945358113068167,-0.4206396178074206,0.41708498055251064,-0.34108241516575566,0.10675892318455954,0.07352847281858642,0.03225375100969838
11.981888260202933,-0.4217406065716245,0.41286346024709925,-0.3377409822324315,0.10280765025578584,0.07829049591612623,0.035284652750379404
12.018418407337698,-0.4227875323528216,0.40862820861861554,-0.33433789762571864,0.09890934973310797,0.0829906663884916,0.03841061290269501
12.054948554472462,-0.42378022401204335,0.4043799179955984,-0.33087400100582154,0.09506498346384755,0.08762708697405903,0.041630369647681686
12.091478701607228,-0.4247185192758702,0.4001192828380445,-0.3273501470374004,0.09127549998785778,0.09219788614435956,0.044942623304626735
12.128008848741993,-0.4256022647629579,0.3958469996238883,-0.3237672051786926,0.08754183430348238,0.09670121885953537,0.04834603685569395
12.164538995876757,-0.4264313160091106,0.39156376673515153,-0.32012605946699,0.08386490763686166,0.10113526731310711,0.05183923648562328
12.201069143011523,-0.42720553749089607,0.3872702843437767,-0.3164276083005125,0.08024562721463081,0.10549824166574505,0.05542081213628174
12.237599290146289,-0.4279248026477996,0.38296725429717304,-0.3126727642167446,0.076684886040078,0.10978838076775096,0.05908931807584355
12.274129437281053,-0.42858899390291233,0.37865538000348875,-0.30886245366727955,0.07318356267280786,0.11400395286996255,0.06284327348237351
12.310659584415818,-0.42919800268215175,0.3743353663166217,-0.3049976167892296,0.0697425210119691,0.11814325632278702,0.06668116304157161
12.347189731550582,-0.4297517294320095,0.3700079194210035,-0.3010792071732646,0.06636261008310287,0.12220462026308421,0.07060143755844082
12.383719878685348,-0.430250083635826,0.3656737467161563,-0.29710819162832386,0.06304466382865541,0.12618640528862637,0.07460251458263426
12.420250025820113,-0.4306929838285861,0.36133355670105766,-0.2930855499430745,0.05978950090221825,0.13008700411985497,0.07868277904722283
12.456780172954877,-0.4310803576102368,0.356988058858325,-0.28901227464415935,0.05659792446653476,0.13390484224867083,0.08284058392062901
12.493310320089643,-0.43141214165752195,0.3526379635382348,-0.2848893707513096,0.05347072199533453,0.1376383785739991,0.08707425087146661
12.529840467224409,-0.4316882817343336,0.34828398184260406,-0.2807178555293675,0.05040866507903331,0.14128610602386624,0.0913820709460115
12.566370614359172,-0.43190873270057795,0.3439268255085502,-0.2764987582372953,0.04741250923435731,0.1448465521637405,0.09576230525803349
12.602900761493938,-0.4320734585195545,0.3395672067921403,-0.2722331198742173,0.04448299371792816,0.14831827979089418,0.10021318569071404
12.639430908628704,-0.43218243226384645,0.3352058383519648,-0.26792199292257174,0.04162084134386451,0.15169988751454083,0.10473291561035958
12.675961055763468,-0.432235636119723,0.3308434331326364,-0.26356644108842575,0.03882675830543777,0.15499001032151727,0.10931967059162617
12.712491202898233,-0.4322330613900507,0.3264807042482481,-0.2591675390390199,0.03610143400082816,0.15818732012728376,0.11397159915396567
12.749021350032999,-0.4321747084957159,0.32211836486580353,-0.2547263721376137,0.03344554086302865,0.1612905263120152,0.11868682350898957
12.785551497167763,-0.4320605869755551,0.3177571280886336,-0.2502440361756844,0.030859734193929376,0.16429837624156907,0.12346344031845186
12.822081644302529,-0.43189071548479674,0.3133977068398281,-0.2457216371025611,0.02834465200263423,0.16720965577312427,0.12829952146255122
12.858611791437294,-0.43166512179201055,0.3090408137456979,-0.2411602907525439,0.02590091484803943,0.17002318974527594,0.1331931148182265
12.895141938572058,-0.43138384277456887,0.3046871610192789,-0.23656112256959272,0.023529125685721995,0.17273784245240156,0.13814224504715114
12.931672085706824,-0.4310469244126184,0.3003374603439123,-0.23192526732963697,0.021229869719167262,0.1753525181030969,0.14314491439309304
12.96820223284159,-0.4306544217815635,0.29599242275690296,-0.2272538688605898,0.01900371425538086,0.17786616126250007,0.1481991034883235
13.004732379976353,-0.43020639904306385,0.29165275853329176,-0.22254807976012425,0.016851208564912946,0.18027775727832773,0.15330277216875374
13.041262527111119,-0.42970292943454536,0.2873191770697443,-0.21780906111128573,0.014772883746333587,0.18258633269044708,0.15845386029746247
13.077792674245885,-0.42914409525722813,0.282992386768589,-0.2130379821960153,0.012769252595193526,0.18479095562382017,0.1636502885962852
13.114322821380648,-0.4285299878626739,0.2786730949220177,-0.2082360202066431,0.01084080947749797,0.186890736164664,0.16888995948513444
13.150852968515414,-0.42786070763785145,0.2743620075964622,-0.20340435995543785,0.008988030207730653,0.18888482671967075,0.17417075792870326
13.187383115650178,-0.4271363639887279,0.27005982951717744,-0.19854419358226763,0.007211371931452277,0.1907724223581451,0.1794905522902151
13.223913262784944,-0.42635707532238326,0.2657672639530403,-0.19365672026046202,0.005511273012508195,0.19255276113692207,0.1848471951918787
13.26044340991971,-0.4255229690276554,0.26148501260158985,-0.18874314590092914,0.0038881529248671488,0.19422512440793097,0.19023852438169328
13.296973557054473,-0.4246341814543158,0.2572137754743179,-0.18380468285461998,0.002342412149123888,0.19578883710828304,0.19566236360625716
13.333503704189239,-0.42369085789078054,0.25295425078224454,-0.17884254961339427,0.0008744320736850195,0.19724326803276693,0.20111652348923326
13.370033851324004,-0.4226931525403602,0.24870713482177767,-0.17385797050937984,-0.0005154250993314991,0.19858783008863914,0.20659880241510656
13.406563998458768,-0.4216412284960535,0.24447312186089615,-0.16885217541288536,-0.0018268164434649663,0.19982198053260866,0.21210698741788292
13.443094145593534,-0.42053525771388517,0.24025290402565425,-0.1638263994289464,-0.003059418392524287,0.20094522118992014,0.21763885507437314
13.4796242927283,-0.4193754209847977,0.23604717118704346,-0.1587818825925858,-0.004212926820422047,0.20195709865544595,0.22319217240169448
13.516154439863064,-0.4181619079050983,0.23185661084822215,-0.1537198695628491,-0.005287057116214292,0.20285720447670638,0.22876469775863037
13.55268458699783,-0.4168949168454643,0.22768190803212718,-0.14864160931570802,-0.0062815442543227885,0.20364517531874543,0.23435418175049014
13.589214734132595,-0.41557465491851725,0.22352374516949627,-0.14354835483588974,-0.0071961428599272865,0.20432069311079357,0.23995836813709367
13.625744881267359,-0.4142013379449663,0.21938280198731408,-0.13844136280772631,-0.008030627269507097,0.2048834851746594,0.24557499474351946
13.662275028402124,-0.41277519041832783,0.21525975539769468,-0.13332189330508196,-0.008784791586520964,0.20533332433479876,0.2512017943732527
13.69880517553689,-0.4112964454682291,0.21115527938723233,-0.12819120948045276,-0.0094584497322084,0.2056700290100157,0.2568364957233557
13.735335322671654,-0.4097653448222976,0.20707004490682218,-0.12305057725330099,-0.010051435491502057,0.20589346328675923,0.26247682430129654
13.77186546980642,-0.4081821387666468,0.20300471976198323,-0.11790126499770655,-0.010563602554039011,0.20600353697398607,0.2681205033430689
13.808395616941185,-0.40654708610496343,0.19895996850369477,-0.1127445432294189,-0.010994824550260154,0.20600020563956684,0.2737652547322248
13.844925764075949,-0.40486045411619964,0.19493645231976034,-0.10758168429237151,-0.011344995082590553,0.20588347062822146,0.2794087999194525
13.881455911210715,-0.40312251851088216,0.19093482892672606,-0.10241396204475475,-0.011614027751690958,0.2056533790609764,0.28504886084233705
13.91798605834548,-0.4013335633860432,0.186955752462367,-0.09724265154470575,-0.011801856177775972,0.20531002381614386,0.2906831608449111
13.954516205480244,-0.3994938811787778,0.18299987337875231,-0.09206902873571159,-0.01190843401699197,0.2048535434918307,0.2963094255966514
13.99104635261501,-0.39760377261844204,0.17906783833592155,-0.08689437013178464,-0.011933734972851915,0.20428412234999213,0.30192538401052815
14.027576499749774,-0.3956635466774911,0.17516029009617265,-0.08171995250250651,-0.011877752802723468,0.2036019902420532,0.3075287691597464
14.06410664688454,-0.3936735205209733,0.17127786741899223,-0.07654705255799957,-0.011740501319369481,0.2028074225161269,0.3131173191928119
14.100636794019305,-0.3916340194546845,0.16742120495664084,-0.07137694663392197,-0.01152201438753967,0.20190073990586804,0.3186887782465446
14.137166941154069,-0.389545376871989,0.16359093315040374,-0.0662109103765491,-0.011222345915615276,0.20088230840100665,0.3242408973566743
14.173697088288835,-0.3874079341993215,0.15978767812753591,-0.06105021842802523,-0.010841569842307644,0.19975253909961285,0.3297714353656557
14.2102272354236,-0.38522204084037587,0.15601206159891165,-0.055896144111868745,-0.010379780118415219,0.198511888042154,0.33527815982732906
14.246757382558364,-0.3829880541189861,0.15226470075739149,-0.050749959118793916,-0.009837090683642417,0.1971608560274107,0.34075884790806305
14.28328752969313,-0.3807063392207174,0.1485462081769326,-0.045612933192944925,-0.009213635438486899,0.19569998841032463,0.3462112872840222
14.319817676827896,-0.37837726913317016,0.14485719171245373,-0.040486333818600846,-0.00850956821120136,0.19412987488186187,0.3516332770341881
14.35634782396266,-0.37600122458500596,0.14119825440046707,-0.03537142590744751,-0.00772506271983906,0.19245114923098006,0.35702262852877736
14.392877971097425,-0.37357859398371396,0.13756999436050477,-0.030269471486474818,-0.006860312529391017,0.19066448908879335,0.3623771663127025
14.42940811823219,-0.3711097733521153,0.13397300469734172,-0.02518172938659455,-0.005915531004027303,0.1887706156550416,0.36769472898371025
14.465938265366955,-0.3685951662636291,0.1304078734040456,-0.02010945493204091,-0.004890951254452343,0.18677029340697285,0.3729731700648479
14.50246841250172,-0.3660351837762987,0.1268751832658555,-0.015053899630636322,-0.003786826080387963,0.18466432979075492,0.37821035887090854
14.538998559636486,-0.36343024436559745,0.12337551176491654,-0.010016310865004664,-0.0026034279081997794,0.18245357489554379,0.383404181368498
14.57552870677125,-0.3607807738560227,0.11990943098588129,-0.004997931584793656,-0.0013410487236789096,0.1801389211103389,0.3885525410293795
14.612058853906015,-0.358087205351485,0.11647750752238938,-2.1944867442926174e-16,-3.657477907154362e-17,0.17772130276376127,0.39365335967675924
