z,x1,x2
0.0,0.0,0.0
0.025,0.03306390294252054,0.03806940120049869
0.05,0.06613352336300685,0.07615473110414367
0.07500000000000001,0.09920886566101306,0.11425601761760852
0.1,0.132289934241763,0.1523732887291427
0.125,0.16537673351613252,0.19050657250893388
0.15000000000000002,0.19846926790063232,0.22865589710938505
0.17500000000000002,0.23156754181751255,0.2668212907655193
0.2,0.2646715596946405,0.3050027817952855
0.225,0.2977813259656058,0.3432003985998778
0.25,0.33089684506973754,0.38141416966414066
0.275,0.364018121452052,0.41964412355685304
0.30000000000000004,0.39714515956327,0.4578902889311048
0.325,0.4302779638599047,0.4961526945246519
0.35000000000000003,0.46341653880415623,0.5344313691602363
0.375,0.4965608888640344,0.5727263417459694
0.4,0.5297110185132887,0.611037641275673
0.42500000000000004,0.5628669322314432,0.6493652968292345
0.45,0.5960286345038667,0.6877093375729625
0.47500000000000003,0.6291961298216324,0.7260697927599767
0.5,0.662369422681711,0.7644466917305143
0.525,0.6955485175868473,0.8028400639123414
0.55,0.7287334190456489,0.8412499388210871
0.5750000000000001,0.761924131572515,0.8796763460606484
0.6000000000000001,0.7951206596877421,0.9181193153235171
0.625,0.828323007917489,0.9565788763911915
0.65,0.8615311807937762,0.9950550591345185
0.675,0.8947451828544869,1.0335478935140823
0.7000000000000001,0.9279650186434358,1.0720574095805895
0.7250000000000001,0.961190692710353,1.1105836374752247
0.75,0.9944222096108473,1.1491266074300825
0.775,1.0276595739064602,1.1876863497684733
0.8,1.0609027901647006,1.2262628949053935
0.8250000000000001,1.0941518629589913,1.2648562733478506
0.8500000000000001,1.12740679686874,1.303466515695297
0.875,1.1606675964793043,1.3420936526399923
0.9,1.1939342663820787,1.380737714967403
0.925,1.2272068111743724,1.419398733556618
0.9500000000000001,1.2604852354595488,1.4580767393807286
0.9750000000000001,1.2937695438469743,1.4967717635072306
1.0,1.327059740952034,1.535483837098439
1.0250000000000001,1.3603558313961681,1.5742129914118972
1.05,1.393657819806819,1.6129592578007563
1.075,1.4269657108175708,1.651722667714214
1.1,1.4602795090679925,1.6905032526979196
1.125,1.493599219203778,1.7293010443943788
1.1500000000000001,1.5269248458767102,1.7681160745433881
1.175,1.5602563937446794,1.8069483749824244
1.2000000000000002,1.5935938674716654,1.8457979776471067
1.225,1.6269372717277903,1.8846649145715957
1.25,1.6602866111893362,1.92354921788901
1.2750000000000001,1.693641890538709,1.9624509198318765
1.3,1.7270031144644569,2.0013700527325624
1.3250000000000002,1.7603702876613405,2.040306649023687
1.35,1.7937434148302627,2.0792607412385697
1.375,1.8271225006783725,2.1182323620116774
1.4000000000000001,1.8605075499189625,2.157221544079051
1.425,1.8938985672715887,2.1962283202787454
1.4500000000000002,1.9272955574620194,2.2352527235513
1.475,1.960698525222253,2.274294786940161
1.5,1.9941074752905696,2.313354543592148
1.5250000000000001,2.0275224124114617,2.3524320267578984
1.55,2.0609433413357565,2.391527269792316
1.5750000000000002,2.094370266820527,2.4306403061550546
1.6,2.1278031936291653,2.469771169410949
1.625,2.161242126531344,2.508919893230501
1.6500000000000001,2.194687070303072,2.5480865113903475
1.675,2.2281380297267255,2.5872710577736986
1.7000000000000002,2.261595009590982,2.6264735663708465
1.725,2.2950580146908885,2.6656940712796224
1.75,2.3285270498278603,2.7049326067058614
1.7750000000000001,2.3620021198097017,2.7441892069639136
1.8,2.3954832294505852,2.7834639064770963
1.8250000000000002,2.428970383571123,2.822756739778189
1.85,2.4624635869983154,2.8620677415099323
1.875,2.495962844565601,2.9013969464255007
1.9000000000000001,2.5294681611128587,2.940744389389021
1.925,2.562979541486407,2.980110105376037
1.9500000000000002,2.5964969905390567,3.019494129474027
1.975,2.630020513130075,3.0588964968829098
2.0,2.663550114125204,3.098317242915547
2.025,2.6970857983967305,3.137756402998229
2.0500000000000003,2.730627570823398,3.1772140126712243
2.075,2.7641754362905133,3.216690107589262
2.1,2.7977293996899086,3.256184723522065
2.125,2.831289465919962,3.295697896354867
2.15,2.864855639885613,3.335229662088933
2.1750000000000003,2.898427926498398,3.374780056842078
2.2,2.9320063306764164,3.4143491168492113
2.225,2.9655908573443464,3.453936878462859
2.25,2.999181511433533,3.4935433781537
2.275,3.032778297881885,3.533168652511103
2.3000000000000003,3.0663812216339763,3.572812738243683
2.325,3.0999902876410657,3.6124756721798166
2.35,3.133605500860993,3.652157491268216
2.375,3.167226866258315,3.6918582325784755
2.4000000000000004,3.200854388804295,3.7315779333016197
2.4250000000000003,3.234488073476858,3.771316630750634
2.45,3.2681279252606528,3.8110743623611025
2.475,3.3017739491470612,3.8508511656916893
2.5,3.3354261501341895,3.8906470784247578
2.5250000000000004,3.3690845332268955,3.930462138366912
2.5500000000000003,3.4027491034368085,3.9702963834495915
2.575,3.436419865782332,4.010149851729641
2.6,3.470096825288641,4.050022581389881
2.625,3.5037799869877158,4.089914610739736
2.6500000000000004,3.537469355918364,4.129825978215737
2.6750000000000003,3.5711649371262144,4.1697567223822185
2.7,3.6048667356637245,4.209706881931821
2.725,3.6385747565902076,4.249676495686154
2.75,3.6722890049718573,4.289665602596367
2.7750000000000004,3.706009485881741,4.329674241743764
2.8000000000000003,3.739736204399789,4.369702452340421
2.825,3.773469165612875,4.409750273729762
2.85,3.80720837461477,4.449817745387243
2.875,3.840953836506192,4.489904906920901
2.9000000000000004,3.87470555639477,4.53001179807204
2.9250000000000003,3.908463539395115,4.570138458715802
2.95,3.942227790628821,4.610284928861855
2.975,3.9759983152244276,4.650451248654997
3.0,4.009775118317511,4.69063745837578
3.0250000000000004,4.043558205050646,4.730843598441216
3.0500000000000003,4.077347580573423,4.771069709405326
3.075,4.111143250042452,4.811315831959909
3.1,4.144945218621444,4.851582006935099
3.125,4.1787534914811335,4.89186827530008
3.1500000000000004,4.212568073799369,4.932174678163734
3.1750000000000003,4.246388970761022,4.972501256775295
3.2,4.2802161875581355,5.012848052525051
3.225,4.314049729389877,5.053215106944991
3.25,4.34788960146248,5.093602461709503
3.2750000000000004,4.381735808989392,5.134010158636051
3.3000000000000003,4.415588357191195,5.1744382396858715
3.325,4.4494472512956165,5.214886746964647
3.35,4.483312496537605,5.255355722723224
3.375,4.517184098159323,5.29584520935832
3.4000000000000004,4.551062061410122,5.33635524941319
3.4250000000000003,4.584946391546584,5.376885885578393
3.45,4.61883709383253,5.417437160692447
3.475,4.652734173539068,5.458009117742601
3.5,4.686637635944544,5.498601799865532
3.5250000000000004,4.720547486334605,5.539215250348059
3.5500000000000003,4.7544637300021755,5.579849512627926
3.575,4.7883863722475475,5.620504630294484
3.6,4.822315418378293,5.661180647089466
3.625,4.856250873709315,5.701877606907713
3.6500000000000004,4.89019274356292,5.742595553797966
3.6750000000000003,4.924141033268763,5.783334531963547
3.7,4.958095748163849,5.824094585763201
3.725,4.992056893592638,5.864875759711822
3.75,5.02602447490699,5.905678098481225
3.7750000000000004,5.05999849746617,5.946501646900916
3.8000000000000003,5.09397896663686,5.987346449958896
3.825,5.127965887793302,6.028212552802428
3.85,5.161959266317089,6.069100000738817
3.875,5.19595910759739,6.110008839236245
3.9000000000000004,5.229965417030792,6.150939113924526
3.9250000000000003,5.263978200021481,6.191890870595945
3.95,5.297997461981128,6.232864155206052
3.975,5.3320232083289465,6.273859013874471
4.0,5.366055444491694,6.314875492885765
4.025,5.400094175903758,6.3559136386901915
4.05,5.434139408007065,6.3969734979046065
4.075,5.468191146251157,6.43805511731324
4.1000000000000005,5.5022493960932195,6.479158543868589
4.125,5.536314162998017,6.520283824692242
4.15,5.570385452437996,6.5614310070757185
4.175,5.604463269893268,6.602600138481372
4.2,5.638547620851642,6.643791266543208
4.2250000000000005,5.672638510808577,6.685004439067789
4.25,5.706735945267246,6.726239704035065
4.275,5.740839929738575,6.767497109599342
4.3,5.774950469741226,6.80877670409006
4.325,5.809067570801576,6.850078536012774
4.3500000000000005,5.843191238453809,6.891402654050016
4.375,5.877321478239892,6.932749107062191
4.4,5.911458295709548,6.974117944088512
4.425,5.945601696420373,7.015509214347923
4.45,5.979751685937766,7.056922967239982
4.4750000000000005,6.013908269834985,7.098359252345827
4.5,6.04807145369311,7.139818119429105
4.525,6.08224124310113,7.181299618436894
4.55,6.116417643655959,7.222803799500687
4.575,6.150600660962355,7.264330712937306
4.6000000000000005,6.184790300633034,7.305880409249909
4.625,6.2189865682886225,7.347452939128899
4.65,6.25318946955778,7.389048353452961
4.675,6.28739901007704,7.430666703289987
4.7,6.321615195490969,7.472308039898088
4.7250000000000005,6.355838031452144,7.51397241472661
4.75,6.390067523621163,7.555659879417078
4.775,6.424303677666612,7.59737048580426
4.800000000000001,6.458546499265172,7.639104285917149
4.825,6.492795994101584,7.680861331979981
4.8500000000000005,6.527052167868676,7.722641676413292
4.875,6.561315026267341,7.764445371834899
4.9,6.5955845750066295,7.806272471061009
4.925000000000001,6.6298608198037075,7.848123027107206
4.95,6.664143766383864,7.889997093189557
4.9750000000000005,6.698433420480594,7.931894722725627
5.0,6.732729787835547,7.97381596933559
5.025,6.767032874198561,8.015760886843283
5.050000000000001,6.801342685327699,8.0577295292773
5.075,6.835659226989266,8.099721950872079
5.1000000000000005,6.869982504957795,8.141738206069
5.125,6.904312525016071,8.183778349517503
5.15,6.938649292955178,8.225842436076189
5.175000000000001,6.972992814574514,8.267930520813959
5.2,7.007343095681714,8.310042659011128
5.2250000000000005,7.041700142092816,8.352178906160564
5.25,7.076063959632188,8.394339317968855
5.275,7.1104345541325245,8.436523950357428
5.300000000000001,7.1448119314349565,8.478732859463763
5.325,7.179196097388942,8.520966101642493
5.3500000000000005,7.213587057852413,8.563223733466634
5.375,7.247984818691697,8.605505811728767
5.4,7.282389385781558,8.647812393442212
5.425000000000001,7.316800765005263,8.69014353584226
5.45,7.351218962254532,8.732499296387337
5.4750000000000005,7.38564398342959,8.774879732760285
5.5,7.420075834439182,8.817284902869524
5.525,7.4545145212005774,8.85971486485038
5.550000000000001,7.488960049639582,8.902169677066219
5.575,7.523412425690579,8.944649398109782
5.6000000000000005,7.557871655296561,8.987154086804441
5.625,7.592337744409109,9.02968380220543
5.65,7.626810698988382,9.072238603601175
5.675000000000001,7.661290525003218,9.114818550514553
5.7,7.695777228431099,9.157423702704204
5.7250000000000005,7.7302708152581845,9.200054120165834
5.75,7.764771291479317,9.242709863133541
5.775,7.799278663098016,9.285390992081151
5.800000000000001,7.833792936126603,9.328097567723542
5.825,7.868314116586063,9.37082965101798
5.8500000000000005,7.902842210506164,9.41358730316551
5.875,7.937377223925459,9.456370585612294
5.9,7.9719191628913215,9.499179560051005
5.925000000000001,8.006468033459907,9.542014288422202
5.95,8.041023841696191,9.584874832915725
5.9750000000000005,8.075586593674025,9.627761255972112
6.0,8.110156295476125,9.670673620284022
6.025,8.144732953194085,9.713611988797643
6.050000000000001,8.17931657292839,9.756576424714135
6.075,8.21390716078849,9.799566991491098
6.1000000000000005,8.24850472289276,9.842583752844005
6.125,8.283109265368465,9.885626772747672
6.15,8.317720794351963,9.92869611543778
6.175000000000001,8.352339315988534,9.9717918454123
6.2,8.386964836432481,10.01491402743304
6.2250000000000005,8.421597361847146,10.058062726527167
6.25,8.456236898404928,10.101238007988698
6.275,8.490883452287298,10.144439937380039
6.300000000000001,8.525537029684799,10.187668580533572
6.325,8.560197636797099,10.230924003553163
6.3500000000000005,8.594865279832998,10.274206272815766
6.375,8.629539965010375,10.317515454972984
6.4,8.664221698556371,10.36085161695268
6.425000000000001,8.698910486707277,10.404214825960569
6.45,8.733606335708533,10.44760514948186
6.4750000000000005,8.768309251814857,10.491022655282832
6.5,8.803019241290189,10.534467411412557
6.525,8.83773631040774,10.577939486204464
6.550000000000001,8.872460465449963,10.621438948278087
6.575,8.907191712708656,10.664965866540687
6.6000000000000005,8.941930058484889,10.70852031018897
6.625,8.976675509089112,10.752102348710782
6.65,9.01142807084107,10.795712051886849
6.675000000000001,9.046187750069954,10.839349489792479
6.7,9.080954553114317,10.883014732799314
6.7250000000000005,9.115728486322112,10.926707851577115
6.75,9.150509556050721,10.970428917095466
6.775,9.185297768667029,11.014178000625655
6.800000000000001,9.220093130547351,11.057955173742375
6.825,9.254895648077472,11.101760508325595
6.8500000000000005,9.289705327652745,11.145594076562386
6.875,9.32452217567803,11.18945595094872
6.9,9.359346198567739,11.233346204291363
6.925000000000001,9.394177402745854,11.27726490970974
6.95,9.429015794645947,11.321212140637794
6.9750000000000005,9.463861380711219,11.365187970825886
7.0,9.498714167394452,11.409192474342737
7.025,9.533574161158164,11.453225725577337
7.050000000000001,9.568441368474481,11.497287799240874
7.075,9.603315795825253,11.541378770368718
7.1000000000000005,9.63819744970199,11.585498714322371
7.125,9.673086336606023,11.629647706791456
7.15,9.707982463048356,11.67382582379575
7.175000000000001,9.742885835549831,11.718033141687169
7.2,9.777796460641033,11.762269737151803
7.2250000000000005,9.812714344862387,11.806535687212001
7.25,9.84763949476416,11.85083106922841
7.275,9.882571916906445,11.89515596090206
7.300000000000001,9.917511617859272,11.939510440276493
7.325,9.952458604202505,11.98389458573983
7.3500000000000005,9.987412882525978,12.02830847602696
7.375,10.022374459429404,12.072752190221628
7.4,10.05734334152255,12.117225807758702
7.425000000000001,10.092319535425073,12.16172940842623
7.45,10.12730304776667,12.206263072367744
7.4750000000000005,10.162293885187072,12.250826880084452
7.5,10.197292054336069,12.295420912437457
7.525,10.23229756187349,12.34004525065003
7.550000000000001,10.267310414469236,12.384699976309896
7.575,10.302330618803367,12.42938517137149
7.6000000000000005,10.337358181566058,12.474100918158317
7.625,10.372393109457601,12.51884729936525
7.65,10.407435409188508,12.563624398060892
7.675000000000001,10.442485087479474,12.608432297689935
7.7,10.477542151061412,12.653271082075568
7.7250000000000005,10.512606606675437,12.698140835421857
7.75,10.54767846107299,12.743041642316198
7.775,10.582757721015785,12.787973587731756
7.800000000000001,10.617844393275789,12.832936757029927
7.825,10.652938484635321,12.87793123596282
7.8500000000000005,10.688040001887092,12.92295711067579
7.875,10.723148951834126,12.96801446770995
7.9,10.758265341289842,13.013103394004702
7.925000000000001,10.793389177078149,13.058223976900361
7.95,10.828520466033321,13.103376304140696
7.9750000000000005,10.863659215000123,13.148560463875583
8.0,10.898805430833765,13.19377654466358
